あきら	亜喜良
あきら	亜期羅
あきら	亜毅羅
あきら	亜紀羅
あきら	亜紀良
あきら	亜貴楽
あきら	亜貴羅
あきら	亜貴蘭
あきら	亜貴良
あきら	亜輝
あきら	亜輝楽
あきら	亜吉良
あきら	亜来羅
あきら	阿煌
あきら	愛喜楽
あきら	愛吉良
あきら	愛樹蕾
あきら	愛生羅
あきら	愛綺羅
あきら	逢煌
あきら	旭楽
あきら	旭羅
あきら	旭来
あきら	旭頼
あきら	旭雷
あきら	安岐羅
あきら	安輝羅
あきら	安欽羅
あきら	安芸羅
あきら	安芸良
あきら	杏葵蘭
あきら	杏喜羅
あきら	杏煌
あきら	威
あきら	郁良
あきら	右
あきら	瑛楽
あきら	瑛雷
あきら	瑛來
あきら	英源
あきら	旺
あきら	夏
あきら	開楽
あきら	開羅
あきら	開来
あきら	開頼
あきら	開雷
あきら	開良
あきら	確
あきら	覚
あきら	学
あきら	鑑
あきら	輝瑛
あきら	輝羅
あきら	享
あきら	卿
あきら	鏡
あきら	尭
あきら	暁来
あきら	暁頼
あきら	暁雷
あきら	暁良
あきら	吟
あきら	空
あきら	空輝
あきら	空羅
あきら	空良
あきら	啓煌
あきら	景
あきら	憲
あきら	賢
あきら	顕
あきら	顕楽
あきら	顕彰
あきら	吾樹羅
あきら	光良
あきら	公
あきら	昂
あきら	晃楽
あきら	晃羅
あきら	晃来
あきら	晃嵐
あきら	晃良
あきら	晃煌
あきら	行
あきら	彩晃
あきら	士
あきら	秋楽
あきら	秋空
あきら	秋螺
あきら	秋藍
あきら	秋蘭
あきら	秋樂
あきら	秋煌
あきら	春
あきら	曙楽
あきら	彰
あきら	彰羅
あきら	彰雷
あきら	彰良
あきら	昇来
あきら	昇頼
あきら	昌
あきら	昭
あきら	昭楽
あきら	昭羅
あきら	昭雷
あきら	晶楽
あきら	晶輝羅
あきら	晶頼
あきら	晶來
あきら	照
あきら	照良
あきら	祥
あきら	章
あきら	章楽
あきら	章羅
あきら	章良
あきら	証
あきら	信
あきら	信良
あきら	審良
あきら	成
あきら	成良
あきら	晴
あきら	正
あきら	誠
あきら	全
あきら	全雷
あきら	全良
あきら	爽
あきら	聡良
あきら	泰
あきら	旦
あきら	智
あきら	聴
あきら	諦
あきら	諦羅
あきら	哲
あきら	哲良
あきら	徹
あきら	東
あきら	燈煌輝
あきら	日楽
あきら	日明
あきら	熱輝雷
あきら	発
あきら	彪
あきら	彪良
あきら	彪煌
あきら	彬楽
あきら	彬頼
あきら	彬雷
あきら	幌
あきら	明忌羅
あきら	明貴楽
あきら	明貴良
あきら	明樹羅
あきら	明羅
あきら	明雷
あきら	明蕾
あきら	明萊
あきら	諭来
あきら	諭頼
あきら	諭良
あきら	有季羅
あきら	有樹羅
あきら	有木羅
あきら	融
あきら	耀
あきら	耀楽
あきら	耀良
あきら	陽輝
あきら	陽來
あきら	璃
あきら	璃晃
あきら	璃蘭
あきら	璃良
あきら	亮楽
あきら	亮来
あきら	亮雷
あきら	良
あきら	諒
あきら	怜
あきら	麗良
あきら	烈
あきら	朗
あきら	朗楽
あきら	朗頼
あきら	亞喜楽
あきら	昊
あきら	旻
あきら	昴
あきら	晄来
あきら	晄良
あきら	晁
あきら	晨
あきら	晟
あきら	晟来
あきら	晟良
あきら	晢
あきら	暉来
あきら	暹
あきら	曄
あきら	洸
あきら	滉
あきら	煌
あきら	燎
あきら	燿
あきら	璋
あきら	皓
あきら	聰
あきら	證
あくあ	亜虎海
あくあ	愛久空
あくあ	愛功明
あくあ	海空
あくあ	青空海
あくあ	明吾
あむ	亜武
あむ	挙武
あむ	明武
あむ	和夢
あむろ	亜室
あむろ	亜夢呂
あむろ	亜夢露
あむろ	阿室
あむろ	愛夢露
あむろ	吾夢路
あむろ	明武路
あむろ	明夢鷺
あもん	亜聞
あもん	亜問
あもん	亜紋
あもん	亜門
あもん	阿文
あもん	阿聞
あもん	阿問
あもん	阿紋
あもん	阿門
あもん	安紋
あもん	安門
あもん	敢紋
あもん	吾文
あもん	吾紋
あもん	蒼門
あもん	天紋
あもん	碧紋
あもん	明文
あもん	亞紋
あらん	亜漣
あらん	娃蘭
あらん	阿嵐
あらん	愛嵐
あらん	逢嵐
あらん	葵嵐
あらん	安嵐
あらん	杏嵐
あらん	雅嵐
あらん	雅蘭
あらん	暁嵐
あらん	暁藍
あらん	空嵐
あらん	顕嵐
あらん	吾藍
あらん	晃嵐
あらん	彩嵐
あらん	彰嵐
あらん	新嵐
あらん	蒼嵐
あらん	歩嵐
あらん	明蘭
あらん	有嵐
あらん	和嵐
あらん	亞蘭
あらん	曖嵐
あると	アルト
あると	亜流十
あると	亜流人
あると	亜流斗
あると	亜留人
あると	亜留斗
あると	亜瑠音
あると	亜瑠士
あると	亜瑠人
あると	亜瑠斗
あると	阿流斗
あると	阿留人
あると	阿留斗
あると	愛斗
あると	愛有人
あると	愛流斗
あると	愛留人
あると	愛留斗
あると	愛瑠斗
あると	愛類斗
あると	或音
あると	或叶
あると	或人
あると	或妬
あると	或斗
あると	或杜
あると	或翔
あると	安流人
あると	安流斗
あると	安留人
あると	安留斗
あると	安瑠士
あると	京
あると	空琉斗
あると	空瑠音
あると	空瑠斗
あると	光音
あると	在音
あると	在人
あると	在斗
あると	生翔
あると	歩士
あると	歩寿
あると	歩人
あると	歩仁
あると	歩説
あると	歩杜
あると	歩登
あると	歩都
あると	歩冬
あると	歩燈
あると	歩利
あると	歩瑠斗
あると	歩翔
あると	明流翔
あると	明瑠翔
あると	有音
あると	有疾
あると	有十
あると	有人
あると	有仁
あると	有説
あると	有大
あると	有斗
あると	有都
あると	有留斗
あると	遥翔
あれん	アレン
あれん	亜廉
あれん	亜漣
あれん	亜練
あれん	亜連
あれん	亜錬
あれん	阿蓮
あれん	阿錬
あれん	逢廉
あれん	葵蓮
あれん	杏連
あれん	空怜
あれん	空廉
あれん	空恋
あれん	空漣
あれん	紅蓮
あれん	彩廉
あれん	在蓮
あれん	充漣
あれん	蒼廉
あれん	蒼漣
あれん	蒼蓮
あれん	存連
あれん	碧蓮
あれん	歩蓮
あれん	明怜
あれん	明煉
あれん	有憐
あれん	有漣
あれん	有練
あれん	嵐蓮
あれん	藍怜
あれん	藍蓮
あろは	亜露羽
あろは	安呂葉
あろは	有呂波
いぶ	伊部
いぶ	依武
いぶ	偉武
いぶ	威武
いぶ	生武
いぶ	唯武
かむい	カムイ
かむい	加夢意
かむい	可夢偉
かむい	嘉武伊
かむい	雅夢偉
かむい	叶夢
かむい	叶夢偉
かむい	叶夢唯
かむい	冠偉
かむい	冠意
かむい	冠衣
かむい	冠唯
かむい	香六
かむい	神威岬
かむい	神維
かむい	神衣
かむい	神居
かむい	勇侍
かむい	翔武威
かむい	翔夢偉
かむい	翔要
きずな	気沙
きずな	貴砂
きずな	絆成
きせき	喜星輝
きせき	喜積
きせき	希釈
きせき	希世希
きせき	希世稀
きせき	希世貴
きせき	希世綺
きせき	希星輝
きせき	希隻
きせき	希拓
きせき	祈跡
きせき	稀世希
きせき	稀世稀
きせき	稀世貴
きせき	稀世綺
きせき	貴汐
きせき	貴世希
きせき	貴世稀
きせき	貴世貴
きせき	貴世綺
きせき	貴石
きせき	輝跡
きせき	煌成樹
きせき	煌星輝
きせき	煌隻
きせき	綺世希
きせき	綺世稀
きせき	綺世貴
きせき	綺世綺
きらり	稀星
きらり	貴星
きらり	金銀
きらり	樹来利
きらり	星願
きらり	星理
きらり	煌栞
きらり	綺羅人
きらん	輝蘭
きらん	樹藍
きらん	煌夢
きらん	綺藍
きりあ	騎利亜
きりあ	桐阿
きりあ	桐上
きるあ	喜瑠亜
きるあ	希琉亜
きるあ	希琉愛
きるあ	希琉雅
きるあ	希瑠歩
きるあ	機離亜
きるあ	輝流愛
きるあ	輝琉愛
きるあ	輝琉空
ぎんが	吟華
ぎんが	吟芽
ぎんが	吟賀
ぎんが	吟雅
ぎんが	銀華
ぎんが	銀俄
ぎんが	銀我
ぎんが	銀牙
ぎんが	銀芽
ぎんが	銀賀
ぎんが	銀雅
ぎんが	銀駕
ぎんが	銀月
こあ	呼亜
こあ	湖有
こあ	虎光
こあ	瑚逢
こあ	孝亜
こあ	来空
こあ	琥羽
こあ	琥吾
こあ	琥充
こあ	琥天
けいん	ケイン
けいん	佳音
けいん	華音
けいん	快音
けいん	圭音
けいん	恵韻
けいん	恵音
けいん	景音
けいん	渓允
けいん	計韻
けいん	計音
こすも	コスモ
こすも	越盛
こすも	越百
こすも	己主百
さむ	夏夢
さむ	佐夢
さむ	左夢
さむ	沙武
さむ	沙夢
さむ	咲夢
さむ	作夢
さむ	桜夢
さむ	紗夢
しおん	シオン
しおん	梓園
しおん	梓温
しおん	梓臣
しおん	梓煌
しおん	海音
しおん	海響
しおん	祇薗
しおん	祇音
しおん	祇臣
しおん	湖音
しおん	幸恩
しおん	幸温
しおん	幸音
しおん	司苑
しおん	司遠
しおん	司恩
しおん	司温
しおん	司穏
しおん	司音
しおん	史隠
しおん	史煌
しおん	嗣苑
しおん	嗣温
しおん	嗣穏
しおん	士苑
しおん	士遠
しおん	士温
しおん	士穏
しおん	士音
しおん	士御
しおん	士勇武
しおん	士力武
しおん	子遠
しおん	子穏
しおん	子音
しおん	子臣
しおん	師溫
しおん	師苑
しおん	師恩
しおん	師温
しおん	師音
しおん	志隠
しおん	志薗
しおん	志翁
しおん	志勇武
しおん	志力武
しおん	思穏
しおん	支温
しおん	枝温
しおん	氏音
しおん	獅恩
しおん	獅温
しおん	獅穏
しおん	獅御
しおん	獅凰
しおん	糸恩
しおん	紫溫
しおん	紫御
しおん	至苑
しおん	至温
しおん	至穏
しおん	至御
しおん	詞苑
しおん	詞恩
しおん	諮苑
しおん	諮恩
しおん	諮音
しおん	賜穏
しおん	侍恩
しおん	侍音
しおん	慈音
しおん	滋音
しおん	汐苑
しおん	汐恩
しおん	汐夢
しおん	識恩
しおん	識音
しおん	雫恩
しおん	雫温
しおん	偲温
しおん	偲穏
しおん	錫音
しおん	朱遠
しおん	将恩
しおん	将穏
しおん	将音
しおん	笑溫
しおん	信恩
しおん	信温
しおん	信穏
しおん	心臣
しおん	深温
しおん	真恩
しおん	神音
しおん	是恩
しおん	是温
しおん	是穏
しおん	清恩
しおん	聖苑
しおん	聖音
しおん	知温
しおん	知穏
しおん	椎音
しおん	之温
しおん	柊恩
しおん	柊温
しおん	碧
しおん	恣恩
しおん	恣音
しおん	栞溫
しおん	栞園
しおん	栞苑
しおん	栞遠
しおん	翔恩
じゅきあ	珠輝空
じゅきあ	寿喜空
じゅきあ	寿樹亜
じゅきあ	樹希愛
じゅきあ	樹輝亜
じゅきあ	樹輝愛
じゅきあ	純希亜
じゅきあ	隼樹愛
じゅのん	じゅのん
すかい	すかい
すかい	空
すかい	空快
すかい	空海
すかい	結快
すかい	結海
すかい	結凱
すかい	好海
すかい	好空
すかい	皇海
すかい	子快
すかい	子海
すかい	朱魁
すかい	珠快
すかい	寿海
すかい	洲改
すかい	須佳伊
すかい	須加一
すかい	須加唯
すかい	須改
すかい	澄快
すかい	澄魁
すかい	澄凱
すかい	青空
すかい	素加一
すかい	素加唯
すかい	素可一
すかい	素可唯
すかい	透海
せいら	星嵐
せいら	盛羅
せいら	盛良
せいら	惺一空
せな	瀨菜
せな	瀨奈
せな	施渚
せな	施那
せな	施凪
せな	施勿
せな	汐凪
せな	汐流
せな	世な
せな	世渚
せな	世生
せな	瀬生
せな	瀬乃
せな	瀬鳴
せな	瀬和
せな	畝名
せな	畝和
せな	是成
せな	勢七
せな	勢成
せな	勢奈
せな	勢名
せな	勢梛
せな	征那
せな	成永
せな	成和
せな	星央
せな	星生
せな	星薙
せな	星鳴
せな	星也
せな	星来
せな	星來
せな	星絆
せな	晴七
せな	晴渚
せな	晴成
せな	晴也
せな	晴梛
せな	清成
せな	盛那
せな	聖永
せな	聖渚
せな	聖捺
せな	聖和
せな	誠那
せな	誠凪
せな	誓那
せな	醒奈
せな	醒凪
せな	醒和
せな	醒梛
せな	青渚
せな	青波
せな	静流
せな	千成
せな	千凪
せな	扇成
せな	靖奈
せな	頼南
せな	惺央
せな	晟己
せな	晟七
せな	晟就
せな	晟成
せな	晟那
せな	晟凪
せれん	成蓮
せれん	星怜
せれん	清漣
せれん	清蓮
せれん	聖廉
せれん	聖漣
せれん	聖蓮
せれん	惺恋
そなた	逸名太
そなた	該丈
そなた	供丈
そなた	具丈
そなた	空颯
そなた	詮丈
そなた	膳丈
そなた	奏空
そなた	奏統
そなた	奏翔
そなた	想那多
そなた	想那汰
そなた	想那泰
そなた	想名太
そなた	想和多
そなた	想和太
そなた	大空
そなた	備丈
そなた	翔
だいあ	だいあ
だいあ	星愛
だいあ	太亜
だいあ	太藍
だいあ	泰亜
だいあ	大亜
だいあ	大葵
だいあ	大偉亜
だいあ	大雅
だいあ	大空
だいあ	大吾
だいあ	大碧
だいあ	大明
だいあ	大藍
だいあ	奈愛
だいあ	奈吾
だいあ	乃愛
だいあ	乃安
だいあ	乃空
だいあ	乃吾
だいあ	乃昂
だいあ	乃充
だいあ	乃明
ねお	ねお
ねお	音於
ねお	音旺
ねお	音乙
ねお	音雄
ねお	音零
ねお	願愛
ねお	子央
ねお	新
ねお	祢生
ねお	寧於
ねお	寧王
ねお	寧力
ねお	寧凰
ねお	福生
ねお	嶺央
ねお	嶺生
ねお	煉起
ねお	練央
ねおん	輝音
ねおん	子音
ねおん	祢苑
ねおん	寧園
ゆあん	結夢
ゆあん	夢庵
ゆあん	夢行
ゆあん	癒安
ゆあん	癒庵
ゆあん	癒晏
ゆあん	唯晏
ゆあん	優行
ゆあん	優晏
ゆあん	勇行
ゆあん	悠安
ゆあん	悠庵
ゆあん	悠按
ゆあん	悠案
ゆあん	悠行
ゆあん	悠晏
ゆあん	柚庵
ゆあん	由安
ゆあん	由庵
ゆあん	遊安
ゆあん	遊庵
ゆあん	遊按
ゆあん	遊晏
ゆあん	雄杏
ゆあん	雄行
ゆあん	侑晏
らいむ	月夢
らいむ	奏夢
らいむ	来舞
りある	理吾隆
らいむ	来睦
らいむ	頼武
らいむ	頼夢
らいむ	頼矛
らいむ	雷武
らいむ	礼睦
らいむ	礼夢
らいむ	來武
らいむ	來舞
らいむ	徠睦
らいら	雷羅
らいら	蕾羅
りあん	利庵
りあん	利行
りあん	利晏
りあん	吏晏
りあん	李庵
りあん	李晏
りあん	璃庵
りあん	琉杏
りあん	凌杏
りあん	俐安
りあん	俐庵
りあん	凛晏
りおん	偉恩
りおん	聖央
りおん	利園
りおん	利遠
りおん	利央
りおん	利恩
りおん	利温
りおん	利穏
りおん	吏遠
りおん	吏温
りおん	吏臣
りおん	梨溫
りおん	理穏
りおん	理御
りおん	理臣
りおん	璃遠
りおん	里遠
りおん	里恩
りおん	律音
りおん	琉苑
りおん	琉遠
りおん	琉穏
りおん	龍恩
りおん	龍音
りおん	凌音
りおん	諒音
りおん	陵恩
りおん	力音
りおん	琳央
りおん	琳温
りおん	怜穏
りおん	麗恩
りおん	俐遠
りおん	俐温
りおん	俐穏
りおん	俐臣
りおん	凛遠
りおん	凛臣
りおん	凛星
りおん	莉星
りおん	黎音
りずむ	音楽
りずむ	李須夢
りずむ	理澄
るか	瀧翔
るか	劉架
るか	流可
るか	流海
るか	流環
るか	流翔
るか	琉河
るか	琉火
るか	琉駕
るか	琉莞
るか	琉駆
るか	琉圭
るか	琉哉
るか	琉日
るか	琉珈
るか	留海
るか	隆嘉
るか	隆夏
るか	隆叶
るか	瑠菓
るか	瑠駕
るか	瑠克
るか	塁翔
