あくあ	愛久歩
あくあ	愛空
あくあ	安久亜
あくあ	青空愛
あくあ	蒼玖歩
あくあ	明空
あくあ	亞愛
あむ	亜夢
あむ	阿夢
あむ	愛夢
あむ	逢夢
あむ	明夢
あむろ	愛夢路
あもん	愛紋
あらん	亜嵐
あらん	亜欄
あらん	亜藍
あらん	亜蘭
あらん	阿蘭
あらん	愛蘭
あらん	雅欄
あらん	空藍
あらん	空蘭
あらん	彩蘭
あり	在
あり	有
ある	亜流
ある	亜留
ある	亜瑠
ある	愛琉
ある	空琉
ある	有
あると	亜瑠翔
あると	歩音
あると	歩斗
あると	有翔
あれん	亜怜
あれん	亜恋
あれん	亜蓮
あれん	愛怜
あれん	愛恋
あれん	愛蓮
あれん	愛連
あれん	安恋
あれん	杏恋
あれん	杏蓮
あれん	空蓮
あれん	彩怜
あれん	彩蓮
あれん	明蓮
あれん	明連
あろは	亜呂波
あろは	有葉
いぶ	伊武
えいと	永都
えいと	英音
えいる	瑛琉
えいる	英琉
えいる	英瑠
えいる	詠瑠
おうが	桜芽
おうが	桜雅
かいあ	快空
かいあ	海亜
かいあ	海杏
かいあ	海空
かいあ	皆亜
かむい	神
かむい	神威
きずき	絆希
きずな	絆
きずな	緤
きせき	奇跡
きせき	希汐
きせき	希世紀
きせき	稀汐
きせき	稀夕
きせき	軌跡
きせき	輝汐
きせき	輝石
きせき	輝夕
きらり	希星
きらり	晃俐
きらり	樹星
きらり	星里
きらり	煌莉
きらり	綺星
きらん	輝嵐
きらん	星蘭
きりあ	桐亜
きるあ	樹琉愛
ぎんが	銀河
けいと	ケイト
けいと	佳音
けいと	佳叶
けいと	佳采
けいと	佳杜
けいと	佳都
けいと	馨都
けいと	京杜
けいと	京都
けいと	啓渡
けいと	啓登
けいと	啓都
けいと	圭音
けいと	圭十
けいと	圭登
けいと	圭都
けいと	恵愛
けいと	恵音
けいと	恵叶
けいと	恵采
けいと	恵人
けいと	恵斗
けいと	恵杜
けいと	恵登
けいと	恵都
けいと	恵翔
けいと	慶音
けいと	慶采
けいと	慶斗
けいと	慶登
けいと	慶都
けいと	慧音
けいと	慧斗
けいと	慧都
けいと	慧翔
けいと	敬渡
けいと	敬登
けいと	敬都
けいと	景音
けいと	景斗
けいと	景登
けいと	景都
けいと	景冬
けいと	桂叶
けいと	桂都
けいと	渓音
けいと	蛍斗
けいと	蛍都
けいと	蛍翔
けいと	結音
けいと	憬人
けいや	桂耶
けいん	稀音
けいん	慶音
こあ	虎愛
こあ	虎空
こあ	瑚亜
こあ	瑚愛
こあ	瑚空
こあ	幸空
こあ	心綺
こあ	恋空
こあ	來空
こあ	琥亜
こあ	琥愛
こあ	琥空
こいき	小粋
こいき	心粋
こすも	宇宙
じゅきあ	寿希亜
じゅきあ	寿希愛
じゅきあ	樹希亜
じゅのん	寿暖
じゅのん	樹暖
すかい	澄海
せいら	成良
せいら	星空
せいら	星羅
せいら	星来
せいら	星良
せいら	星來
せいら	清羅
せいら	聖羅
せいら	聖蘭
せいら	聖來
せいら	誠良
せいら	晟羅
せいら	晟良
せな	瀨那
せな	瀨南
せな	せな
せな	セナ
せな	汐夏
せな	世菜
せな	世七
せな	世成
せな	世奈
せな	世那
せな	世凪
せな	世南
せな	世波
せな	世名
せな	世和
せな	世梛
せな	瀬永
せな	瀬夏
せな	瀬菜
せな	瀬七
せな	瀬渚
せな	瀬成
せな	瀬奈
せな	瀬那
せな	瀬凪
せな	瀬捺
せな	瀬南
せな	瀬波
せな	瀬名
せな	瀬梛
せな	畝奈
せな	勢那
せな	成那
せな	成南
せな	成梛
せな	星夏
せな	星七
せな	星樹
せな	星渚
せな	星成
せな	星多
せな	星奈
せな	星那
せな	星凪
せな	星南
せな	星波
せな	星名
せな	星流
せな	星和
せな	星梛
せな	晴夏
せな	晴菜
せな	晴奈
せな	晴那
せな	晴凪
せな	晴南
せな	清永
せな	清奈
せな	清那
せな	清凪
せな	清流
せな	聖夏
せな	聖菜
せな	聖七
せな	聖心
せな	聖生
せな	聖奈
せな	聖那
せな	聖凪
せな	醒那
せな	千那
せな	惺渚
せな	惺成
せな	惺凪
せな	惺南
せな	惺梛
せれん	世廉
せれん	世蓮
せれん	瀬蓮
そあ	そあ
そあ	奏歩
そあ	想空
そあ	想和
そあ	天亜
そあら	そあら
そうは	蒼晴
そうら	奏良
そうわ	想羽
そうわ	想和
そな	想菜
そな	想那
そな	想和
そなた	そなた
そなた	宇宙
そなた	空遥
そなた	星空
そなた	大翔
そなた	颯
そら	そら
そら	ソラ
そら	宇
そら	宇宙
そら	希空
そら	空
そら	空羅
そら	空来
そら	空良
そら	澄空
そら	星空
そら	青空
そら	塑羅
そら	曽良
そら	素羅
そら	素良
そら	奏楽
そら	奏空
そら	奏来
そら	奏良
そら	爽楽
そら	爽来
そら	爽良
そら	想空
そら	想羅
そら	想来
そら	想良
そら	想來
そら	相良
そら	蒼空
そら	蒼蘭
そら	大空
そら	宙
そら	天
そら	天音
そら	碧空
そら	湊楽
そら	昊
そら	昊空
そら	昊来
そら	穹
そら	颯空
そら	颯来
そら	颯良
そら	颯來
だいあ	大愛
ちかい	誓
てんし	天使
てんし	天子
てんし	天詩
にじ	虹
ねお	音央
ねお	音緒
ねお	音織
ねお	音生
ねお	音陽
ねお	音和
ねお	希音
ねお	祢音
ねお	祢桜
ねお	寧央
ねお	寧音
ねお	寧緒
ねお	寧生
ねお	寧和
ねお	峯央
ねお	嶺緒
ねおん	ねおん
ねおん	音苑
ねおん	音恩
ねおん	祢音
ねおん	寧音
ねむ	音夢
みらん	みらん
みらん	海蘭
みらん	光蘭
みらん	実蘭
みらん	深蘭
みらん	美藍
みらん	美蘭
みらん	望蘭
みらん	未蘭
みらん	魅蘭
ゆあん	結庵
ゆあん	結杏
ゆあん	癒杏
ゆあん	優安
ゆあん	優杏
ゆあん	悠杏
ゆあん	柚杏
ゆあん	柚晏
ゆあん	由晏
ゆあん	祐杏
ゆあん	夕晏
ゆあん	侑杏
らいむ	らいむ
らいむ	来夢
らいむ	來夢
らいむ	徠夢
らいむ	蕾夢
らいむ	萊夢
らいら	来良
らいら	來良
らいり	らいり
らいり	来里
らいり	頼梨
らいり	礼璃
らいる	羅衣瑠
らいる	来瑠
らいる	來琉
らいる	徠瑠
りある	璃歩
りあん	リアン
りあん	利杏
りあん	吏杏
りあん	梨杏
りあん	理安
りあん	理杏
りあん	理晏
りあん	璃安
りあん	璃杏
りあん	璃晏
りあん	凛杏
りあん	絆愛
りあん	莉杏
りずむ	りずむ
りずむ	愛絆
りずむ	奏音
るあ	るあ
るあ	流愛
るあ	琉亜
るあ	琉愛
るあ	琉雅
るあ	琉空
るあ	隆愛
るあ	瑠亜
るあ	瑠愛
るあ	瑠空
るい	るい
るい	ルイ
るい	流以
るい	流依
るい	流惟
るい	流衣
るい	流生
るい	流唯
るい	流已
るい	琉愛
るい	琉葵
るい	琉以
るい	琉伊
るい	琉依
るい	琉惟
るい	琉維
るい	琉衣
るい	琉音
るい	琉海
るい	琉莞
るい	琉生
るい	琉唯
るい	留以
るい	留伊
るい	留依
るい	留惟
るい	留維
るい	留衣
るい	留生
るい	留泉
るい	留唯
るい	瑠以
るい	瑠伊
るい	瑠依
るい	瑠偉
るい	瑠惟
るい	瑠維
るい	瑠衣
るい	瑠一
るい	瑠莞
るい	瑠彩
るい	瑠似
るい	瑠色
るい	瑠生
るい	瑠泉
るい	瑠唯
るい	瑠倭
るい	塁
るい	累
るい	類
るい	路易
るい	壘
るう	流羽
るう	琉宇
るう	琉羽
るう	瑠羽
るう	瑠優
るう	瑠侑
るか	るか
るか	ルカ
るか	流伽
るか	流嘉
るか	流夏
るか	流果
るか	流架
るか	流歌
るか	流禾
るか	流花
るか	流華
るか	流香
るか	流楓
るか	流風
るか	琉榎
るか	琉伽
るか	琉佳
るか	琉加
るか	琉可
るか	琉嘉
るか	琉夏
るか	琉架
るか	琉歌
るか	琉珂
るか	琉禾
るか	琉花
るか	琉華
るか	琉迦
るか	琉海
るか	琉叶
るか	琉香
るか	琉克
るか	琉楓
るか	琉風
るか	琉和
るか	琉翔
るか	留佳
るか	留加
るか	留嘉
るか	瑠榎
るか	瑠伽
るか	瑠佳
るか	瑠加
るか	瑠可
るか	瑠嘉
るか	瑠夏
るか	瑠架
るか	瑠珂
るか	瑠禾
るか	瑠花
るか	瑠華
るか	瑠賀
るか	瑠海
るか	瑠叶
るか	瑠圭
るか	瑠日
るか	瑠楓
るか	瑠風
るか	瑠蘭
るか	瑠和
るか	瑠栞
るか	瑠翔
るか	路加
わおん	和音

