あいしゃ	亜衣沙
あいしゃ	娃沙
あいしゃ	阿伊沙
あいしゃ	愛以星
あいしゃ	愛砂
あいしゃ	愛紗
あいしゃ	愛謝
あいしゃ	逢紗
あいしゃ	藍紗
あいりん	娃凛
あいりん	哀凛
あいりん	愛依鈴
あいりん	愛琳
あいりん	愛隣
あいりん	愛伶
あいりん	愛鈴
あいりん	愛凛
あいりん	愛凜
あいりん	逢琳
あいりん	藍凜
あげは	あげは
あげは	亜夏葉
あげは	亜華羽
あげは	亜華覇
あげは	亜華葉
あげは	亜蝶
あげは	阿夏羽
あげは	愛羽姫
あげは	愛華羽
あげは	愛華葉
あげは	逢華晴
あげは	絢月花
あげは	絢月華
あげは	杏月花
あげは	杏月芭
あげは	空月花
あげは	空月華
あげは	彩夏羽
あげは	彩蝶
あげは	朱羽
あげは	朱芭
あげは	朱葉
あげは	朱翼
あげは	聖蝶
あげは	蒼蝶
あげは	蝶
あげは	蝶葉
あげは	蝶麗
あげは	舞蝶
あげは	碧月羽
あげは	鳳羽
あげは	鳳蝶
あげは	明映
あげは	明夏羽
あげは	揚羽
あげは	揚芭
あげは	凛蝶
あげは	凰蝶
あにい	あにい
あにい	愛似衣
あのん	あのん
あのん	亜音
あのん	亜暖
あのん	亜乃音
あのん	阿音
あのん	阿暖
あのん	愛温
あのん	愛穏
あのん	愛希音
あのん	愛暖
あのん	愛暢
あのん	愛乃音
あのん	愛望
あのん	逢暖
あのん	絢希
あのん	安音
あのん	杏恩
あのん	杏音
あのん	杏希
あのん	杏希音
あのん	杏暢
あのん	音海
あのん	空穏
あのん	空暖
あのん	結愛
あのん	彩暖
あのん	采夢
あのん	朱音
あのん	心暖
あのん	蒼音
あのん	暖偲
あのん	碧暖
あのん	明音
あのん	明暖
あのん	有暖
あのん	亞暖
あのん	綺音
あめり	あめり
あめり	アメリ
あめり	亜愛梨
あめり	亜愛莉
あめり	亜芽織
あめり	亜芽梨
あめり	亜芽里
あめり	亜芽莉
あめり	亜萌李
あめり	亜萌里
あめり	愛芽梨
あめり	愛芽璃
あめり	愛芽里
あめり	愛芽凛
あめり	愛芽莉
あめり	愛芽凜
あめり	雨李
あめり	雨梨
あめり	雨理
あめり	雨璃
あめり	雨里
あめり	雨凛
あめり	雨莉
あめり	雨凜
あめり	彩萌梨
あめり	彩名里
あめり	青芽莉
あめり	天梨
あめり	天麗
あめり	天凛
あめり	天凜
あめり	糖利
あめり	明愛理
あめり	明愛莉
あめり	明芽梨
あめり	明芽璃
あめり	有芽李
あめり	有芽莉
ありあ	ありあ
ありあ	アリア
ありあ	亜李愛
ありあ	亜李杏
ありあ	亜梨愛
ありあ	亜梨杏
ありあ	亜理亜
ありあ	亜理愛
ありあ	亜理杏
ありあ	亜璃愛
ありあ	亜璃杏
ありあ	亜里愛
ありあ	亜里杏
ありあ	亜俐愛
ありあ	亜凛愛
ありあ	亜凛杏
ありあ	亜莉愛
ありあ	亜莉杏
ありあ	亜凜愛
ありあ	亜凜杏
ありあ	阿里亜
ありあ	愛利彩
ありあ	愛李亜
ありあ	愛李杏
ありあ	愛梨亜
ありあ	愛梨娃
ありあ	愛梨杏
ありあ	愛理亜
ありあ	愛理杏
ありあ	愛璃亜
ありあ	愛璃杏
ありあ	愛里亜
ありあ	愛里杏
ありあ	愛里彩
ありあ	愛里星
ありあ	愛凛亜
ありあ	愛凛娃
ありあ	愛凛杏
ありあ	愛莉亜
ありあ	愛莉杏
ありあ	愛莉彩
ありあ	愛莉明
ありあ	愛凜亜
ありあ	愛凜杏
ありあ	逢凛采
ありあ	絢莉彩
ありあ	安里愛
ありあ	杏李亜
ありあ	杏李愛
ありあ	杏梨亜
ありあ	杏梨愛
ありあ	杏理亜
ありあ	杏理愛
ありあ	杏璃亜
ありあ	杏璃愛
ありあ	杏璃采
ありあ	杏里亜
ありあ	杏里愛
ありあ	杏凛絢
ありあ	杏莉亜
ありあ	杏莉愛
ありあ	杏莉絢
ありあ	杏凜亜
ありあ	杏凜愛
ありあ	惟亜
ありあ	惟愛
ありあ	益亜
ありあ	益阿
ありあ	益愛
ありあ	益安
ありあ	可亜
ありあ	可阿
ありあ	彩利亜
ありあ	彩理亜
ありあ	彩璃亜
ありあ	彩里亜
ありあ	彩俐亜
ありあ	彩莉亜
ありあ	彩莉愛
ありあ	采莉亜
ありあ	朱利亜
ありあ	照愛
ありあ	存亜
ありあ	存愛
ありあ	存杏
ありあ	麻里愛
ありあ	明杏
ありあ	明梨亜
ありあ	明凛有
ありあ	明莉亜
ありあ	友虹愛
ありあ	有亜
ありあ	有阿
ありあ	有愛
ありあ	有絢
ありあ	有綾
ありあ	有安
ありあ	有杏
ありあ	有空
ありあ	有彩
ありあ	有明
ありあ	有理亜
ありあ	有理愛
ありあ	有理杏
ありあ	有里亜
ありあ	有凛明
ありあ	有莉愛
ありか	亞梨花
ありさ	ありさ
ありさ	あり彩
ありさ	あり咲
ありさ	あり紗
ありさ	アリサ
ありさ	亜利沙
ありさ	亜利砂
ありさ	亜利冴
ありさ	亜利紗
ありさ	亜吏佐
ありさ	亜吏沙
ありさ	亜吏冴
ありさ	亜吏紗
ありさ	亜李砂
ありさ	亜李冴
ありさ	亜李紗
ありさ	亜梨佐
ありさ	亜梨沙
ありさ	亜梨砂
ありさ	亜梨冴
ありさ	亜梨咲
ありさ	亜梨紗
ありさ	亜梨早
ありさ	亜理佐
ありさ	亜理沙
ありさ	亜理砂
ありさ	亜理彩
ありさ	亜理冴
ありさ	亜理咲
ありさ	亜理紗
ありさ	亜理早
ありさ	亜璃沙
ありさ	亜璃冴
ありさ	亜璃紗
ありさ	亜里佐
ありさ	亜里沙
ありさ	亜里砂
ありさ	亜里彩
ありさ	亜里冴
ありさ	亜里咲
ありさ	亜里紗
ありさ	亜倫冴
ありさ	亜凛冴
ありさ	亜莉沙
ありさ	亜莉裟
ありさ	亜莉彩
ありさ	亜莉咲
ありさ	亜莉紗
ありさ	阿利紗
ありさ	阿梨紗
ありさ	阿璃紗
ありさ	阿里沙
ありさ	阿里紗
ありさ	阿莉紗
ありさ	愛紗
ありさ	愛織咲
ありさ	愛世
ありさ	愛利沙
ありさ	愛利冴
ありさ	愛利咲
ありさ	愛利紗
ありさ	愛吏冴
ありさ	愛李冴
ありさ	愛李咲
ありさ	愛李紗
ありさ	愛梨沙
ありさ	愛梨彩
ありさ	愛梨冴
ありさ	愛梨咲
ありさ	愛梨桜
ありさ	愛梨紗
ありさ	愛理佐
ありさ	愛理沙
ありさ	愛理彩
ありさ	愛理冴
ありさ	愛理咲
ありさ	愛理桜
ありさ	愛理紗
ありさ	愛璃冴
ありさ	愛璃咲
ありさ	愛璃桜
ありさ	愛璃紗
ありさ	愛里沙
ありさ	愛里彩
ありさ	愛里菜
ありさ	愛里冴
ありさ	愛里咲
ありさ	愛里桜
ありさ	愛里紗
ありさ	愛里茶
ありさ	愛良沙
ありさ	愛倫冴
ありさ	愛麗咲
ありさ	愛凛彩
ありさ	愛凛冴
ありさ	愛凛桜
ありさ	愛莉沙
ありさ	愛莉彩
ありさ	愛莉冴
ありさ	愛莉咲
ありさ	愛莉紗
ありさ	愛凜彩
ありさ	愛凜咲
ありさ	愛凜桜
ありさ	愛凜紗
ありさ	逢里沙
ありさ	逢里紗
ありさ	葵梨沙
ありさ	葵梨桜
ありさ	葵里彩
ありさ	絢里咲
ありさ	絢里星
ありさ	綾莉沙
ありさ	安梨沙
ありさ	安梨咲
ありさ	安梨桜
ありさ	安梨紗
ありさ	安理沙
ありさ	安理冴
ありさ	安理紗
ありさ	安里沙
ありさ	安里彩
ありさ	安里才
ありさ	安里桜
ありさ	安里紗
ありさ	安莉沙
ありさ	安莉彩
ありさ	安莉咲
ありさ	安莉紗
ありさ	按里沙
ありさ	杏利冴
ありさ	杏李冴
ありさ	杏梨沙
ありさ	杏梨彩
ありさ	杏梨冴
ありさ	杏梨咲
ありさ	杏梨桜
ありさ	杏梨紗
ありさ	杏理冴
ありさ	杏璃冴
ありさ	杏璃紗
ありさ	杏里沙
ありさ	杏里彩
ありさ	杏里冴
ありさ	杏里咲
ありさ	杏里紗
ありさ	杏里茶
ありさ	杏倫冴
ありさ	杏凛彩
ありさ	杏凛冴
ありさ	杏凛桜
ありさ	杏莉冴
ありさ	杏莉咲
ありさ	杏莉紗
ありさ	惟倖
ありさ	惟瑳
ありさ	惟咲
ありさ	益佐
ありさ	益沙
ありさ	益砂
ありさ	益咲
ありさ	益紗
ありさ	可彩
ありさ	空利沙
ありさ	空梨沙
ありさ	空里沙
ありさ	吾里沙
ありさ	光佐
ありさ	光沙
ありさ	光咲
ありさ	光桜
ありさ	光紗
ありさ	彩梨沙
ありさ	彩梨咲
ありさ	彩梨紗
ありさ	彩理沙
ありさ	彩理咲
ありさ	彩里沙
ありさ	彩里咲
ありさ	彩里紗
ありさ	彩凛咲
ありさ	彩莉沙
ありさ	彩莉咲
ありさ	彩莉紗
ありさ	在沙
ありさ	在砂
ありさ	在咲
ありさ	在紗
ありさ	在早
ありさ	朱里紗
ありさ	秋里彩
ありさ	晶莉紗
ありさ	星里彩
ありさ	歩咲
ありさ	麻里沙
ありさ	満咲
ありさ	満紗
ありさ	明朝
ありさ	明利咲
ありさ	明梨沙
ありさ	明梨咲
ありさ	明梨紗
ありさ	明理彩
ありさ	明理咲
ありさ	明璃彩
ありさ	明里沙
ありさ	明里咲
ありさ	明里紗
ありさ	明麗佐
ありさ	明麗沙
ありさ	明麗紗
ありさ	明麗早
ありさ	明莉沙
ありさ	明莉彩
ありさ	明莉咲
ありさ	明莉紗
ありさ	紋吏沙
ありさ	宥沙
ありさ	有鯉沙
ありさ	有幸
ありさ	有佐
ありさ	有沙
ありさ	有瑳
ありさ	有砂
ありさ	有彩
ありさ	有才
ありさ	有冴
ありさ	有咲
ありさ	有紗
ありさ	有抄
ありさ	有祥
ありさ	有爽
ありさ	有早
ありさ	有茶
ありさ	有妙
ありさ	有利沙
ありさ	有利冴
ありさ	有李冴
ありさ	有梨沙
ありさ	有梨彩
ありさ	有梨冴
ありさ	有梨紗
ありさ	有理沙
ありさ	有理彩
ありさ	有理冴
ありさ	有理咲
ありさ	有理紗
ありさ	有璃冴
ありさ	有里沙
ありさ	有里彩
ありさ	有里才
ありさ	有里冴
ありさ	有里咲
ありさ	有里紗
ありさ	有凛冴
ありさ	有莉沙
ありさ	有莉冴
ありさ	有莉咲
ありさ	有莉紗
ありさ	有莉早
ありさ	藍里沙
ありさ	藍里紗
ありさ	亞里佐
ありさ	亞里紗
ありさ	侑咲
ありさ	侑里咲
ありす	ありす
ありす	アリス
ありす	亜利寿
ありす	亜李子
ありす	亜李珠
ありす	亜梨子
ありす	亜梨朱
ありす	亜梨珠
ありす	亜梨寿
ありす	亜梨澄
ありす	亜理子
ありす	亜理朱
ありす	亜理寿
ありす	亜理澄
ありす	亜璃沙
ありす	亜璃珠
ありす	亜璃澄
ありす	亜璃栖
ありす	亜里朱
ありす	亜里須
ありす	亜離朱
ありす	亜厘寿
ありす	亜莉子
ありす	亜莉朱
ありす	亜莉珠
ありす	亜莉寿
ありす	亜莉須
ありす	亜莉澄
ありす	娃麗清
ありす	娃麗壽
ありす	阿莉澄
ありす	愛姫
ありす	愛利寿
ありす	愛利翠
ありす	愛利澄
ありす	愛李好
ありす	愛李子
ありす	愛李寿
ありす	愛梨沙
ありす	愛梨子
ありす	愛梨寿
ありす	愛梨翠
ありす	愛梨澄
ありす	愛梨涼
ありす	愛梨鈴
ありす	愛理子
ありす	愛理寿
ありす	愛理須
ありす	愛理翠
ありす	愛理栖
ありす	愛璃好
ありす	愛璃寿
ありす	愛璃翠
ありす	愛璃清
ありす	愛里沙
ありす	愛里子
ありす	愛里朱
ありす	愛里珠
ありす	愛里寿
ありす	愛里樹
ありす	愛里須
ありす	愛里翠
ありす	愛里澄
ありす	愛鈴
ありす	愛麗子
ありす	愛麗寿
ありす	愛麗雛
ありす	愛麗澄
ありす	愛凛子
ありす	愛凛寿
ありす	愛凛粋
ありす	愛凛翠
ありす	愛凛雛
ありす	愛凛鈴
ありす	愛莉空
ありす	愛莉好
ありす	愛莉子
ありす	愛莉朱
ありす	愛莉珠
ありす	愛莉寿
ありす	愛莉翠
ありす	愛莉澄
ありす	愛莉清
ありす	愛莉鈴
ありす	愛凜寿
ありす	愛凜粋
ありす	愛凜翠
ありす	逢莉子
ありす	葵莉鈴
ありす	絢里朱
ありす	絢里珠
ありす	絢里樹
ありす	絢莉珠
ありす	綾莉珠
ありす	安里珠
ありす	杏紀
ありす	杏寿
ありす	杏李寿
ありす	杏梨優
ありす	杏理子
ありす	杏璃沙
ありす	杏璃澄
ありす	杏里朱
ありす	杏里珠
ありす	杏莉珠
ありす	杏莉妃
ありす	英莉寿
ありす	益寿
ありす	益須
ありす	可寿
ありす	可須
ありす	空梨翠
ありす	空莉澄
ありす	現寿
ありす	現須
ありす	光寿
ありす	光須
ありす	光澄
ありす	彩李珠
ありす	彩李寿
ありす	彩理珠
ありす	彩理純
ありす	彩里珠
ありす	彩里鈴
ありす	彩莉朱
ありす	彩莉珠
ありす	彩莉須
ありす	彩莉澄
ありす	采莉珠
ありす	在栖
ありす	心莉珠
ありす	星莉珠
ありす	存水
ありす	存翠
ありす	存清
ありす	夢姫
ありす	明利澄
ありす	明理須
ありす	明里珠
ありす	明凛朱
ありす	明莉守
ありす	明莉朱
ありす	明莉珠
ありす	明莉澄
ありす	有沙
ありす	有司
ありす	有子
ありす	有主
ありす	有朱
ありす	有珠
ありす	有寿
ありす	有抄
ありす	有須
ありす	有翠
ありす	有雀
ありす	有澄
ありす	有栖
ありす	有利寿
ありす	有李珠
ありす	有梨澄
ありす	有理須
ありす	有璃澄
ありす	有里須
ありす	有鈴
ありす	有彗
ありす	有莉朱
ありす	有凜子
ありす	侑羅稀
ありす	曖莉朱
あんじゅ	あんじゅ
あんじゅ	アンジュ
あんじゅ	亜音樹
あんじゅ	愛珠
あんじゅ	安殊
あんじゅ	安珠
あんじゅ	安儒
あんじゅ	安寿
あんじゅ	安授
あんじゅ	安樹
あんじゅ	安需
あんじゅ	安壽
あんじゅ	庵樹
あんじゅ	庵十
あんじゅ	杏朱
あんじゅ	杏珠
あんじゅ	杏種
あんじゅ	杏受
あんじゅ	杏寿
あんじゅ	杏樹
あんじゅ	杏純
あんじゅ	杏竪
あんじゅ	杏濡
あんじゅ	杏姫
あんじゅ	杏壽
あんじゅ	明珠
あんじゅ	晏朱
あんじゅ	晏珠
あんじゅ	晏寿
あんじゅ	晏純
あんじゅ	晏姫
あんな	あんな
あんな	あん菜
あんな	あん樹
あんな	あん奈
あんな	アンナ
あんな	亜奈
あんな	愛芽
あんな	愛奈
あんな	愛那
あんな	愛梛
あんな	安夏
あんな	安菜
あんな	安七
あんな	安樹
あんな	安渚
あんな	安奈
あんな	安那
あんな	安凪
あんな	安捺
あんな	安南
あんな	安納
あんな	安波
あんな	安名
あんな	安和
あんな	安梛
あんな	庵七
あんな	庵成
あんな	庵奈
あんな	庵那
あんな	庵凪
あんな	庵南
あんな	按七
あんな	按奈
あんな	按凪
あんな	按南
あんな	按名
あんな	案菜
あんな	案奈
あんな	案那
あんな	案南
あんな	案名
あんな	案梛
あんな	杏愛
あんな	杏永
あんな	杏夏
あんな	杏花
あんな	杏茄
あんな	杏菜
あんな	杏七
あんな	杏樹
あんな	杏渚
あんな	杏称
あんな	杏心
あんな	杏水
あんな	杏成
あんな	杏奏
あんな	杏奈
あんな	杏那
あんな	杏凪
あんな	杏捺
あんな	杏南
あんな	杏楠
あんな	杏波
あんな	杏名
あんな	杏来
あんな	杏和
あんな	杏來
あんな	杏梛
あんな	杏絆
あんな	塩凪
あんな	行那
あんな	蒼菜
あんな	明奈
あんな	晏菜
あんな	晏七
あんな	晏奈
あんな	晏那
あんな	晏凪
あんな	晏捺
あんな	晏南
あんな	晏波
あんな	晏名
あんな	晏和
あんな	晏梛
あんね	あんね
あんね	アンネ
あんね	安音
あんね	安祢
あんね	安寧
あんね	安嶺
あんね	杏音
あんね	杏子
あんね	杏祢
あんね	杏寧
あんね	杏嶺
あんね	曇音
あんね	晏寧
いおな	いおな
いおな	イオナ
いおな	庵奈
いおな	伊央奈
いおな	伊奥奈
いおな	伊緒菜
いおな	伊緒奈
いおな	伊織菜
いおな	伊織奈
いおな	伊織那
いおな	伊穂奈
いおな	依央菜
いおな	依央奈
いおな	依央那
いおな	依央梛
いおな	依音菜
いおな	依音奈
いおな	依緒菜
いおな	依緒奈
いおな	依緒那
いおな	依穂奈
いおな	惟央奈
いおな	意奥奈
いおな	維央奈
いおな	維乙奈
いおな	衣央奈
いおな	衣央那
いおな	衣央凪
いおな	衣桜菜
いおな	衣緒菜
いおな	衣緒奈
いおな	衣青菜
いおな	一央奈
いおな	一央那
いおな	一音菜
いおな	一音和
いおな	莞央奈
いおな	唯央菜
いおな	唯緒那
うらら	うらら
うらら	ウララ
うらら	愛歌
うらら	愛弓
うらら	愛麗
うらら	宇らら
うらら	宇楽
うらら	宇楽々
うらら	宇羅々
うらら	宇良々
うらら	羽愛空
うらら	羽楽々
うらら	羽星
うらら	羽羅々
うらら	羽羅良
うらら	羽蘭々
うらら	羽良々
うらら	迂らら
うらら	雨らら
うらら	雨羅々
うらら	雨良々
うらら	雨良羅
うらら	卯らら
うらら	卯楽々
うらら	卯羅羅
うらら	卯良々
うらら	鵜らら
うらら	鵜羅々
うらら	鵜羅羅
うらら	春歌
うらら	春麗
うらら	小春
うらら	心桜星
うらら	心麗
うらら	占羅
うらら	美桜
うらら	美星空
うらら	美麗
うらら	有麗
うらら	来麗
うらら	裏良
うらら	麗々
うらら	麗楽
うらら	麗桜
うらら	麗羅
うらら	麗羅良
うらら	麗来
うらら	麗蘭
うらら	麗良
うらら	麗良々
うらら	麗來
うらら	麗樂
うらん	うらん
うらん	ウラン
うらん	宇嵐
うらん	宇藍
うらん	宇蘭
うらん	羽嵐
うらん	羽藍
うらん	羽蘭
うらん	卯蘭
うらん	雲蘭
うらん	胡蘭
うらん	初蘭
うらん	佑蘭
うらん	優蘭
うらん	宥蘭
うらん	有藍
うらん	有蘭
うらん	麗蘭
うらん	侑蘭
えみり	えみり
えみり	えみ莉
えみり	エミリ
えみり	愛咲莉
えみり	愛美梨
えみり	愛美理
えみり	愛美里
えみり	依実里
えみり	依実莉
えみり	依珠梨
えみり	依美梨
えみり	依美理
えみり	依美里
えみり	依未理
えみり	依弥里
えみり	衣実理
えみり	衣実里
えみり	衣実莉
えみり	衣美李
えみり	衣美梨
えみり	衣美理
えみり	衣美里
えみり	衣望李
えみり	衣望里
えみり	衣未莉
えみり	衣弥理
えみり	営見理
えみり	映実里
えみり	映美利
えみり	映美李
えみり	映美里
えみり	映美凛
えみり	映美莉
えみり	映未莉
えみり	栄実里
えみり	栄美理
えみり	栄美里
えみり	永実理
えみり	永実莉
えみり	永美理
えみり	永美里
えみり	永美莉
えみり	瑛海梨
えみり	瑛実理
えみり	瑛実莉
えみり	瑛心璃
えみり	瑛心莉
えみり	瑛深璃
えみり	瑛美李
えみり	瑛美梨
えみり	瑛美理
えみり	瑛美里
えみり	瑛美凛
えみり	瑛美莉
えみり	瑛未利
えみり	瑛未李
えみり	瑛未理
えみり	瑛未里
えみり	瑛未莉
えみり	英海莉
えみり	英見梨
えみり	英実梨
えみり	英実理
えみり	英実里
えみり	英実俐
えみり	英美利
えみり	英美李
えみり	英美理
えみり	英美璃
えみり	英美里
えみり	英美凛
えみり	英美莉
えみり	英未理
えみり	英未莉
えみり	衛実里
えみり	詠美理
えみり	詠美里
えみり	詠美莉
えみり	詠未理
えみり	悦三莉
えみり	絵海理
えみり	絵海莉
えみり	絵三梨
えみり	絵三里
えみり	絵三莉
えみり	絵実梨
えみり	絵実理
えみり	絵実璃
えみり	絵実里
えみり	絵実莉
えみり	絵珠理
えみり	絵珠莉
えみり	絵美吏
えみり	絵美李
えみり	絵美梨
えみり	絵美理
えみり	絵美璃
えみり	絵美里
えみり	絵美莉
えみり	絵未里
えみり	絵未莉
えみり	絵巳梨
えみり	絵巳理
えみり	絵巳璃
えみり	絵巳里
えみり	絵巳莉
えみり	絵弥梨
えみり	恵海梨
えみり	恵海理
えみり	恵海莉
えみり	恵三莉
えみり	恵史里
えみり	恵実利
えみり	恵実李
えみり	恵実梨
えみり	恵実理
えみり	恵実里
えみり	恵実莉
えみり	恵充里
えみり	恵心里
えみり	恵心莉
えみり	恵聖里
えみり	恵美利
えみり	恵美李
えみり	恵美梨
えみり	恵美理
えみり	恵美里
えみり	恵美令
えみり	恵美莉
えみり	恵未利
えみり	恵未莉
えみり	恵弥理
えみり	恵弥莉
えみり	慧美里
えみり	慧美凜
えみり	慧弥梨
えみり	江見里
えみり	江見莉
えみり	江実梨
えみり	江実理
えみり	江実里
えみり	江実莉
えみり	江美鯉
えみり	江美梨
えみり	江美理
えみり	江美里
えみり	江美莉
えみり	江未里
えみり	咲浬
えみり	咲実里
えみり	咲実莉
えみり	咲珠莉
えみり	咲織
えみり	咲心梨
えみり	咲心里
えみり	咲心凛
えみり	咲心莉
えみり	咲美梨
えみり	咲美理
えみり	咲美璃
えみり	咲美里
えみり	咲美莉
えみり	咲有
えみり	咲利
えみり	咲吏
えみり	咲李
えみり	咲梨
えみり	咲理
えみり	咲璃
えみり	咲里
えみり	咲鈴
えみり	咲麗
えみり	咲凛
えみり	咲莉
えみり	咲凜
えみり	枝海梨
えみり	枝実里
えみり	枝美梨
えみり	枝美理
えみり	枝美里
えみり	枝美鈴
えみり	枝美莉
えみり	枝弥里
えみり	笑みり
えみり	笑海利
えみり	笑海梨
えみり	笑海里
えみり	笑浬
えみり	笑実梨
えみり	笑実里
えみり	笑実莉
えみり	笑心理
えみり	笑美利
えみり	笑美梨
えみり	笑美理
えみり	笑美璃
えみり	笑美里
えみり	笑美莉
えみり	笑美凜
えみり	笑未利
えみり	笑未梨
えみり	笑未里
えみり	笑未莉
えみり	笑魅里
えみり	笑弥理
えみり	笑利
えみり	笑李
えみり	笑梨
えみり	笑理
えみり	笑璃
えみり	笑里
えみり	笑良里
えみり	笑琳
えみり	笑鈴
えみり	笑麗
えみり	笑凛
えみり	笑莉
えみり	笑凜
えみり	妃実莉
えみり	妃心莉
えみり	妃未理
えみり	媛充麗
えみり	惠美里
えみり	惠美莉
えみり	榮心莉
えみる	えみる
えみる	エミル
えみる	依史留
えみる	映鑑
えみる	永美瑠
えみる	瑛海瑠
えみる	瑛美留
えみる	瑛美瑠
えみる	瑛望留
えみる	英実瑠
えみる	英美瑠
えみる	絵見
えみる	恵海
えみる	恵実瑠
えみる	恵美留
えみる	恵美瑠
えみる	恵留
えみる	江美留
えみる	咲海琉
えみる	咲心琉
えみる	咲心瑠
えみる	咲雪
えみる	咲美琉
えみる	咲蕗
えみる	咲望琉
えみる	咲未瑠
えみる	咲流
えみる	咲琉
えみる	咲留
えみる	咲瑠
えみる	咲路
えみる	笑海流
えみる	笑実琉
えみる	笑実瑠
えみる	笑美琉
えみる	笑美留
えみる	笑美瑠
えみる	笑満
えみる	笑流
えみる	笑琉
えみる	笑留
えみる	笑瑠
えみる	得三留
えむ	えむ
えむ	愛笑
えむ	映夢
えむ	永夢
えむ	瑛舞
えむ	詠舞
えむ	詠睦
えむ	詠夢
えむ	艶笑
えむ	絵舞
えむ	絵夢
えむ	慧夢
えむ	咲夢
えむ	笑舞
えむ	笑夢
えりい	えりい
えりい	エリイ
えりい	愛璃唯
えりい	愛里衣
えりい	映梨以
えりい	映里依
えりい	栄莉衣
えりい	瑛梨衣
えりい	瑛里衣
えりい	瑛莉衣
えりい	英里衣
えりい	英莉依
えりい	英莉衣
えりい	絵李依
えりい	絵里衣
えりい	衿衣
えりい	襟衣
えりい	恵有依
えりい	恵利衣
えりい	恵梨衣
えりい	恵理以
えりい	恵理惟
えりい	恵理衣
えりい	恵里依
えりい	恵里衣
えりい	恵莉衣
えりい	恵莉唯
えりい	笑梨依
えりい	笑理伊
えりい	笑里衣
えりい	笑莉依
えりか	えりか
えりか	えり佳
えりか	えり花
えりか	エリカ
えりか	愛梨香
えりか	愛理香
えりか	愛里加
えりか	愛里香
えりか	愛莉加
えりか	愛莉花
えりか	愛莉香
えりか	依利香
えりか	依梨花
えりか	依梨華
えりか	依梨香
えりか	依里佳
えりか	依里花
えりか	依里香
えりか	衣李果
えりか	衣李香
えりか	衣梨佳
えりか	衣梨加
えりか	衣梨夏
えりか	衣梨花
えりか	衣梨華
えりか	衣梨香
えりか	衣理加
えりか	衣理可
えりか	衣理夏
えりか	衣理歌
えりか	衣理華
えりか	衣理香
えりか	衣里佳
えりか	衣里加
えりか	衣里可
えりか	衣里嘉
えりか	衣里花
えりか	衣里華
えりか	衣里海
えりか	衣里香
えりか	衣莉佳
えりか	衣莉嘉
えりか	衣莉果
えりか	衣莉花
えりか	衣莉香
えりか	営理佳
えりか	映利加
えりか	映梨夏
えりか	映理佳
えりか	映理加
えりか	映理夏
えりか	映理香
えりか	映里佳
えりか	映里加
えりか	映里可
えりか	映里花
えりか	映里香
えりか	映莉夏
えりか	栄利佳
えりか	栄李和
えりか	栄梨加
えりか	栄梨花
えりか	栄梨香
えりか	栄理可
えりか	栄理香
えりか	栄里佳
えりか	栄里歌
えりか	栄里花
えりか	栄里香
えりか	栄凛河
えりか	栄凛香
えりか	栄莉佳
えりか	栄莉加
えりか	永梨佳
えりか	永梨嘉
えりか	永梨花
えりか	永梨香
えりか	永理佳
えりか	永理夏
えりか	永理歌
えりか	永里加
えりか	永里夏
えりか	永里花
えりか	永里香
えりか	永莉佳
えりか	瑛利佳
えりか	瑛利加
えりか	瑛李花
えりか	瑛梨佳
えりか	瑛梨夏
えりか	瑛梨禾
えりか	瑛梨香
えりか	瑛理佳
えりか	瑛理夏
えりか	瑛理華
えりか	瑛理香
えりか	瑛理珈
えりか	瑛里加
えりか	瑛里可
えりか	瑛里禾
えりか	瑛里花
えりか	瑛里華
えりか	瑛里香
えりか	瑛凛花
えりか	瑛莉果
えりか	瑛莉花
えりか	瑛莉香
えりか	瑛凜嘉
えりか	英姫
えりか	英利佳
えりか	英利架
えりか	英利花
えりか	英利香
えりか	英吏花
えりか	英梨佳
えりか	英梨加
えりか	英梨可
えりか	英梨夏
えりか	英梨歌
えりか	英梨花
えりか	英梨華
えりか	英梨香
えりか	英理加
えりか	英理夏
えりか	英理花
えりか	英理華
えりか	英理香
えりか	英里何
えりか	英里伽
えりか	英里佳
えりか	英里加
えりか	英里嘉
えりか	英里夏
えりか	英里果
えりか	英里歌
えりか	英里花
えりか	英里華
えりか	英里香
えりか	英莉佳
えりか	英莉可
えりか	英莉花
えりか	英莉香
えりか	詠里可
えりか	詠里花
えりか	詠莉歌
えりか	会里花
えりか	絵利佳
えりか	絵利加
えりか	絵利花
えりか	絵利香
えりか	絵梨佳
えりか	絵梨加
えりか	絵梨夏
えりか	絵梨果
えりか	絵梨歌
えりか	絵梨花
えりか	絵梨華
えりか	絵梨香
えりか	絵梨奏
えりか	絵理何
えりか	絵理佳
えりか	絵理加
えりか	絵理可
えりか	絵理夏
えりか	絵理歌
えりか	絵理花
えりか	絵理華
えりか	絵理香
えりか	絵里佳
えりか	絵里加
えりか	絵里可
えりか	絵里歌
えりか	絵里禾
えりか	絵里花
えりか	絵里華
えりか	絵里圭
えりか	絵里香
えりか	絵凛叶
えりか	絵莉伽
えりか	絵莉佳
えりか	絵莉加
えりか	絵莉嘉
えりか	絵莉花
えりか	絵莉叶
えりか	絵莉香
えりか	衿佳
えりか	衿加
えりか	衿可
えりか	衿嘉
えりか	衿夏
えりか	衿果
えりか	衿歌
えりか	衿花
えりか	衿華
えりか	衿賀
えりか	衿叶
えりか	衿香
えりか	襟佳
えりか	襟加
えりか	襟果
えりか	襟華
えりか	襟香
えりか	襟朱
えりか	恵浬香
えりか	恵利佳
えりか	恵利加
えりか	恵利果
えりか	恵利花
えりか	恵利華
えりか	恵利香
えりか	恵吏佳
えりか	恵吏花
えりか	恵吏香
えりか	恵李香
えりか	恵梨佳
えりか	恵梨加
えりか	恵梨可
えりか	恵梨夏
えりか	恵梨果
えりか	恵梨歌
えりか	恵梨花
えりか	恵梨華
えりか	恵梨香
えりか	恵理佳
えりか	恵理加
えりか	恵理夏
えりか	恵理架
えりか	恵理歌
えりか	恵理花
えりか	恵理華
えりか	恵理香
えりか	恵璃香
えりか	恵里伽
えりか	恵里佳
えりか	恵里加
えりか	恵里可
えりか	恵里嘉
えりか	恵里夏
えりか	恵里果
えりか	恵里花
えりか	恵里華
えりか	恵里圭
えりか	恵里香
えりか	恵厘香
えりか	恵麗香
えりか	恵俐伽
えりか	恵俐香
えりか	恵凛香
えりか	恵莉佳
えりか	恵莉加
えりか	恵莉果
えりか	恵莉花
えりか	恵莉華
えりか	恵莉香
えりか	慧莉歌
えりか	江利加
えりか	江利架
えりか	江利花
えりか	江利香
えりか	江梨佳
えりか	江梨可
えりか	江梨夏
えりか	江梨果
えりか	江梨歌
えりか	江梨花
えりか	江梨香
えりか	江理加
えりか	江理花
えりか	江里佳
えりか	江里加
えりか	江里夏
えりか	江里果
えりか	江里歌
えりか	江里花
えりか	江里華
えりか	江里香
えりか	江莉伽
えりか	江莉佳
えりか	江莉加
えりか	江莉夏
えりか	江莉果
えりか	江莉歌
えりか	江莉花
えりか	江莉香
えりか	咲梨嘉
えりか	咲凛花
えりか	咲莉花
えりか	枝利華
えりか	枝梨加
えりか	枝梨夏
えりか	枝梨果
えりか	枝梨歌
えりか	枝梨花
えりか	枝梨香
えりか	枝理加
えりか	枝理可
えりか	枝理夏
えりか	枝理華
えりか	枝里佳
えりか	枝里加
えりか	枝里嘉
えりか	枝里夏
えりか	枝里香
えりか	枝莉華
えりか	笑利花
えりか	笑理香
えりか	笑里佳
えりか	笑里夏
えりか	笑里花
えりか	笑凛華
えりか	笑莉加
えりか	笑莉海
えりか	柄李夏
えりか	柄里花
えりか	麻美
えりか	領香
えりか	惠可
えりか	惠梨佳
えりか	惠梨夏
えりか	惠梨香
えりか	惠理佳
えりか	惠理加
えりか	惠理香
えりか	惠里加
えりか	惠里香
えりか	惠莉佳
えりか	惠莉花
えりさ	えりさ
えりさ	エリサ
えりさ	愛理沙
えりさ	愛理咲
えりさ	愛理紗
えりさ	愛里沙
えりさ	愛里紗
えりさ	依理沙
えりさ	依里咲
えりさ	依里紗
えりさ	衣梨佐
えりさ	衣梨沙
えりさ	衣梨紗
えりさ	衣理沙
えりさ	衣理彩
えりさ	衣理咲
えりさ	衣理紗
えりさ	衣里沙
えりさ	衣里砂
えりさ	衣里紗
えりさ	衣里早
えりさ	衣莉沙
えりさ	衣莉咲
えりさ	衣莉紗
えりさ	栄里沙
えりさ	栄里咲
えりさ	栄里紗
えりさ	永梨咲
えりさ	永理咲
えりさ	永里咲
えりさ	瑛李彩
えりさ	瑛李咲
えりさ	瑛李紗
えりさ	瑛梨沙
えりさ	瑛梨彩
えりさ	瑛梨咲
えりさ	瑛梨紗
えりさ	瑛理彩
えりさ	瑛里沙
えりさ	瑛里桜
えりさ	瑛凛彩
えりさ	瑛凛咲
えりさ	瑛凛紗
えりさ	瑛莉彩
えりさ	瑛莉咲
えりさ	瑛莉桜
えりさ	瑛莉紗
えりさ	英梨佐
えりさ	英梨沙
えりさ	英梨紗
えりさ	英理沙
えりさ	英理彩
えりさ	英理紗
えりさ	英里佐
えりさ	英里沙
えりさ	英里砂
えりさ	英里彩
えりさ	英里咲
えりさ	英里紗
えりさ	英莉紗
えりさ	絵梨沙
えりさ	絵理沙
えりさ	絵理彩
えりさ	絵理咲
えりさ	絵理紗
えりさ	絵璃早
えりさ	絵里佐
えりさ	絵里沙
えりさ	絵里砂
えりさ	絵里紗
えりさ	絵莉彩
えりさ	絵莉聖
えりさ	衿沙
えりさ	衿咲
えりさ	衿紗
えりさ	襟咲
えりさ	襟紗
えりさ	恵利紗
えりさ	恵梨佐
えりさ	恵梨沙
えりさ	恵梨咲
えりさ	恵理沙
えりさ	恵理紗
えりさ	恵里沙
えりさ	恵里咲
えりさ	恵里紗
えりさ	恵莉彩
えりさ	恵莉咲
えりさ	恵莉紗
えりさ	慧利沙
えりさ	慧梨沙
えりさ	江梨佐
えりさ	江梨咲
えりさ	江梨紗
えりさ	江理沙
えりさ	江理紗
えりさ	江里紗
えりさ	枝梨佐
えりさ	枝梨沙
えりさ	枝理沙
えりさ	枝理咲
えりさ	枝理紗
えりさ	枝里沙
えりさ	枝里紗
えりさ	笑梨沙
えりさ	笑理咲
えりさ	笑理紗
えりさ	笑里沙
えりさ	笑里咲
えりさ	笑莉彩
えりさ	妃里三
えりさ	惠凛彩
えりな	えりな
えりな	えり菜
えりな	えり奈
えりな	えり和
えりな	えり梛
えりな	エリナ
えりな	愛梨菜
えりな	愛梨奈
えりな	愛里菜
えりな	愛里奈
えりな	愛莉菜
えりな	依里菜
えりな	依里奈
えりな	依里南
えりな	依莉奈
えりな	依莉那
えりな	衣利奈
えりな	衣利那
えりな	衣梨奈
えりな	衣理菜
えりな	衣理那
えりな	衣里菜
えりな	衣里奈
えりな	衣里名
えりな	衣莉菜
えりな	衣莉奈
えりな	営利菜
えりな	映理奈
えりな	映里菜
えりな	映里奈
えりな	栄里菜
えりな	栄里奈
えりな	栄莉菜
えりな	栄莉奈
えりな	永吏菜
えりな	永梨奈
えりな	永梨那
えりな	永理奈
えりな	永里奈
えりな	永里那
えりな	永莉那
えりな	瑛吏奈
えりな	瑛梨菜
えりな	瑛梨奈
えりな	瑛梨那
えりな	瑛理奈
えりな	瑛里菜
えりな	瑛里奈
えりな	瑛里那
えりな	瑛凛奈
えりな	瑛莉夏
えりな	瑛莉菜
えりな	瑛莉奈
えりな	瑛莉那
えりな	瑛凜奈
えりな	英利菜
えりな	英利奈
えりな	英吏奈
えりな	英李奈
えりな	英梨菜
えりな	英梨奈
えりな	英梨那
えりな	英理菜
えりな	英理七
えりな	英理奈
えりな	英理那
えりな	英璃奈
えりな	英里菜
えりな	英里奈
えりな	英里那
えりな	英里南
えりな	英里名
えりな	英凛奈
えりな	英莉菜
えりな	英莉奈
えりな	英莉那
えりな	詠梨奈
えりな	詠璃菜
えりな	会理菜
えりな	海理名
えりな	絵利奈
えりな	絵梨菜
えりな	絵梨奈
えりな	絵梨那
えりな	絵梨名
えりな	絵理菜
えりな	絵理奈
えりな	絵理那
えりな	絵里菜
えりな	絵里奈
えりな	絵里那
えりな	絵里名
えりな	絵里梨
えりな	絵麗菜
えりな	絵莉菜
えりな	絵莉奈
えりな	絵莉那
えりな	衿菜
えりな	衿奈
えりな	衿那
えりな	衿名
えりな	襟菜
えりな	恵利菜
えりな	恵利奈
えりな	恵利那
えりな	恵利名
えりな	恵吏奈
えりな	恵李奈
えりな	恵梨菜
えりな	恵梨渚
えりな	恵梨奈
えりな	恵梨和
えりな	恵理菜
えりな	恵理奈
えりな	恵理那
えりな	恵理名
えりな	恵璃梛
えりな	恵裡菜
えりな	恵里菜
えりな	恵里奈
えりな	恵里那
えりな	恵凛奈
えりな	恵凛那
えりな	恵莉菜
えりな	恵莉奈
えりな	恵莉那
えりな	恵莉凪
えりな	江利七
えりな	江利奈
えりな	江梨茄
えりな	江梨奈
えりな	江梨那
えりな	江理奈
えりな	江理名
えりな	江里菜
えりな	江里奈
えりな	江莉菜
えりな	江莉奈
えりな	江莉那
えりな	咲李菜
えりな	咲理南
えりな	咲璃那
えりな	咲里奈
えりな	咲里凪
えりな	咲凛奈
えりな	咲凛梛
えりな	枝理菜
えりな	枝里夏
えりな	枝里菜
えりな	枝里奈
えりな	枝里那
えりな	笑利奈
えりな	笑梨奈
えりな	笑理夏
えりな	笑理菜
えりな	笑理渚
えりな	笑理奈
えりな	笑理那
えりな	笑理凪
えりな	笑理南
えりな	笑里奈
えりな	笑莉奈
えりな	笑莉那
えりな	媛理奈
えりな	柄李那
えりな	領南
えりな	領梛
えりな	彗莉渚
えりん	えりん
えりん	愛鈴
えりん	愛凛
えりん	依鈴
えりん	依稟
えりん	栄凜
えりん	永鈴
えりん	瑛琳
えりん	瑛稟
えりん	英林
えりん	英鈴
えりん	英凛
えりん	英稟
えりん	絵琳
えりん	絵凛
えりん	絵凜
えりん	恵綾
えりん	恵梨
えりん	恵林
えりん	恵琳
えりん	恵鈴
えりん	恵凛
えりん	恵稟
えりん	恵凜
えりん	慧琳
えりん	慧凛
えりん	江鈴
えりん	江凛
えりん	笑梨
えりん	笑麟
えりん	笑鈴
えりん	笑凛
える	える
える	エル
える	愛蕗
える	愛理
える	愛留
える	愛瑠
える	依瑠
える	衣留
える	栄瑠
える	永流
える	永琉
える	永留
える	永瑠
える	瑛流
える	瑛留
える	瑛瑠
える	英流
える	英留
える	詠琉
える	詠留
える	絵流
える	絵琉
える	絵留
える	絵瑠
える	恵流
える	恵留
える	恵瑠
える	恵路
える	慧留
える	慧瑠
える	江瑠
える	咲流
える	咲琉
える	咲留
える	咲瑠
える	笑流
える	笑琉
える	笑留
える	笑瑠
える	得瑠
える	彗瑠
えるな	えるな
えるな	映月
えるな	瑛月
えるな	瑛留奈
えるな	瑛瑠奈
えるな	瑛瑠名
えるな	英瑠菜
えるな	英瑠奈
えるな	英瑠那
えるな	恵流菜
えるな	恵瑠奈
えるな	咲瑠奈
えるな	笑瑠名
えれな	えれな
えれな	エレナ
えれな	愛伶菜
えれな	愛怜奈
えれな	愛麗祢
えれな	愛蓮月
えれな	依令奈
えれな	依玲那
えれな	依麗奈
えれな	衣伶菜
えれな	衣伶奈
えれな	衣怜菜
えれな	衣蓮奈
えれな	映怜那
えれな	映玲那
えれな	映礼奈
えれな	栄令奈
えれな	栄令波
えれな	栄伶菜
えれな	栄伶奈
えれな	栄怜菜
えれな	栄玲奈
えれな	栄玲南
えれな	栄麗菜
えれな	永伶奈
えれな	永怜菜
えれな	永玲奈
えれな	永玲那
えれな	永玲南
えれな	永礼菜
えれな	永麗菜
えれな	永麗奈
えれな	永麗名
えれな	永恋愛
えれな	瑛伶奈
えれな	瑛伶那
えれな	瑛怜菜
えれな	瑛怜奈
えれな	瑛怜那
えれな	瑛玲菜
えれな	瑛玲奈
えれな	瑛玲那
えれな	瑛玲南
えれな	瑛玲名
えれな	瑛玲梛
えれな	瑛鈴菜
えれな	瑛麗菜
えれな	瑛麗奈
えれな	瑛麗和
えれな	英令菜
えれな	英令奈
えれな	英伶菜
えれな	英伶奈
えれな	英伶那
えれな	英伶捺
えれな	英伶名
えれな	英怜菜
えれな	英怜奈
えれな	英玲菜
えれな	英玲奈
えれな	英玲那
えれな	英玲凪
えれな	英玲波
えれな	英玲名
えれな	英礼菜
えれな	英礼奈
えれな	英麗菜
えれな	英麗奈
えれな	詠麗菜
えれな	詠麗奈
えれな	榎玲奈
えれな	絵令奈
えれな	絵伶菜
えれな	絵伶名
えれな	絵怜奈
えれな	絵玲愛
えれな	絵玲菜
えれな	絵玲奈
えれな	絵玲那
えれな	絵玲名
えれな	絵礼奈
えれな	絵麗菜
えれな	絵麗奈
えれな	絵麗那
えれな	恵令奈
えれな	恵令那
えれな	恵伶菜
えれな	恵伶奈
えれな	恵怜菜
えれな	恵怜奈
えれな	恵玲菜
えれな	恵玲奈
えれな	恵玲那
えれな	恵玲名
えれな	恵礼菜
えれな	恵礼奈
えれな	恵礼那
えれな	恵礼南
えれな	恵鈴菜
えれな	恵麗愛
えれな	恵麗菜
えれな	恵麗奈
えれな	恵麗那
えれな	恵麗名
えれな	恵恋愛
えれな	恵澪奈
えれな	慧伶奈
えれな	慧玲奈
えれな	慧麗奈
えれな	江令那
えれな	江伶菜
えれな	江伶奈
えれな	江怜奈
えれな	江玲奈
えれな	江玲名
えれな	江麗奈
えれな	江黎奈
えれな	咲怜那
えれな	咲玲菜
えれな	咲玲奈
えれな	咲玲那
えれな	咲玲南
えれな	咲礼菜
えれな	咲麗菜
えれな	咲麗奈
えれな	咲麗那
えれな	咲蓮菜
えれな	枝令菜
えれな	枝玲菜
えれな	枝玲名
えれな	枝麗菜
えれな	枝麗奈
えれな	笑伶菜
えれな	笑怜菜
えれな	笑怜直
えれな	笑玲菜
えれな	笑玲奈
えれな	笑玲名
えれな	笑麗菜
えれな	笑麗七
えれな	笑麗那
えれな	笑麗和
えれな	笑恋來
えれな	笑連那
えれな	笑澪和
えれな	媛令那
えれな	惠礼奈
えれん	えれん
えれん	愛漣
えれん	愛莉心
えれん	依怜
えれん	依恋
えれん	依漣
えれん	依蓮
えれん	依連
えれん	衣怜
えれん	衣恋
えれん	衣漣
えれん	衣蓮
えれん	衣連
えれん	映蓮
えれん	永怜
えれん	永恋
えれん	永漣
えれん	永蓮
えれん	永連
えれん	瑛恋
えれん	瑛蓮
えれん	英怜
えれん	英廉
えれん	英恋
えれん	英漣
えれん	英蓮
えれん	英連
えれん	詠恋
えれん	詠蓮
えれん	榎恋
えれん	会恋
えれん	廻蓮
えれん	絵怜
えれん	絵恋
えれん	絵漣
えれん	絵蓮
えれん	絵連
えれん	恵宝
えれん	恵怜
えれん	恵怜音
えれん	恵恋
えれん	恵漣
えれん	恵蓮
えれん	恵連
えれん	慧恋
えれん	慧漣
えれん	慧蓮
えれん	江怜
えれん	江恋
えれん	江漣
えれん	江蓮
えれん	江連
えれん	咲怜
えれん	咲恋
えれん	咲蓮
えれん	枝蓮
えれん	重蓮
えれん	笑恋
えれん	笑蓮
えれん	妃恋
えれん	柄蓮
えれん	惠怜
えれん	惠蓮
かいん	佳韻
かいん	夏音
かいん	果音
かいん	架音
かいん	花音
かいん	華音
かえら	かえら
かえら	カエラ
かえら	佳笑羅
かえら	夏絵空
かえら	夏絵良
かえら	夏咲愛
かえら	夏笑良
かえら	架絵羅
かえら	花娃良
かえら	花咲愛
かえら	花笑
かえら	花楓
かえら	華愛良
かえら	華笑來
かえら	叶来
かえら	香絵良
かえら	香恵羅
かえら	香恵来
かえら	香恵良
かえら	香江良
かえら	香枝羅
かえら	香枝来
かえら	香枝良
かえら	楓咲
かえら	楓来
かえら	楓蘭
かえら	楓來
かえら	楓徠
かぐや	かぐや
かぐや	かぐ夜
かぐや	かぐ耶
かぐや	伽宮夜
かぐや	加久矢
かぐや	嘉紅矢
かぐや	夏紅夜
かぐや	歌月姫
かぐや	花久耶
かぐや	花玖夜
かぐや	花玖耶
かぐや	花玖弥
かぐや	花具耶
かぐや	花紅耶
かぐや	花紅弥
かぐや	華紅夜
かぐや	華虹夜
かぐや	迦具夜
かぐや	輝夜
かぐや	月輝
かぐや	月妃
かぐや	月姫
かぐや	香久也
かぐや	香久耶
かぐや	香弘弥
かぐや	香紅夜
かぐや	香夜
かぐや	香弥
かぐや	香來
かぐや	芳野
かなん	かなん
かなん	カナン
かなん	愛那
かなん	愛楠
かなん	佳南
かなん	佳楠
かなん	加暖
かなん	可楠
かなん	夏那
かなん	夏南
かなん	夏楠
かなん	果南
かなん	果楠
かなん	歌南
かなん	花安
かなん	花胡
かなん	花那
かなん	花南
かなん	花楠
かなん	茄楠
かなん	華南
かなん	華楠
かなん	嘩南
かなん	海南
かなん	馨那
かなん	叶南
かなん	椛杏
かなん	樺那
かなん	結芽子
かなん	香胡
かなん	香南
かなん	香楠
かなん	奏楠
かなん	汀音
かなん	風南
かなん	栞那
かのん	かのん
かのん	カノン
かのん	愛楓
かのん	郁音
かのん	榎音
かのん	伽穏
かのん	伽音
かのん	伽暖
かのん	伽南
かのん	佳恩
かのん	佳穏
かのん	佳桜
かのん	佳暖
かのん	佳暢
かのん	佳南
かのん	佳乃
かのん	佳之音
かのん	佳夢
かのん	加暖
かのん	可音
かのん	可希
かのん	可暖
かのん	嘉音
かのん	嘉希
かのん	嘉暖
かのん	嘉南
かのん	夏音
かのん	夏暖
かのん	夏南
かのん	夏望
かのん	夏夢
かのん	家暖
かのん	果穏
かのん	果音
かのん	果暖
かのん	果暢
かのん	果南
かのん	果夢
かのん	架音
かのん	架暖
かのん	架南
かのん	歌穏
かのん	歌音
かのん	歌暖
かのん	歌南
かのん	珂穏
かのん	珂音
かのん	珂暖
かのん	禾音
かのん	禾暖
かのん	花恩
かのん	花穏
かのん	花音
かのん	花桜
かのん	花心
かのん	花暖
かのん	花暢
かのん	花南
かのん	花乃音
かのん	花夢
かのん	花遥
かのん	華愛
かのん	華音
かのん	華暖
かのん	華暢
かのん	華南
かのん	華夢
かのん	嘩音
かのん	迦音
かのん	迦暢
かのん	霞音
かのん	霞暖
かのん	霞南
かのん	賀音
かのん	賀暖
かのん	雅暖
かのん	雅南
かのん	馨音
かのん	穫乃音
かのん	叶旺
かのん	叶恩
かのん	叶希
かのん	叶希音
かのん	叶暖
かのん	叶乃
かのん	叶乃音
かのん	叶望
かのん	椛音
かのん	椛暖
かのん	樺恩
かのん	樺穏
かのん	樺音
かのん	緩暖
かのん	観音
かのん	喜愛
かのん	空詩
かのん	薫暖
かのん	袈暖
かのん	月音
かのん	乎音
かのん	香希
かのん	香暖
かのん	香暢
かのん	香南
かのん	香乃愛
かのん	香乃音
かのん	春音
かのん	神音
かのん	奏穏
かのん	奏南
かのん	奏乃
かのん	鳥音
かのん	虹音
かのん	日音
かのん	日暖
かのん	楓穏
かのん	楓音
かのん	楓暖
かのん	楓乃音
かのん	風音
かのん	芳音
かのん	芳暖
かのん	湊音
かのん	耶音
かのん	遥音
かのん	蘭音
かのん	和暖
かのん	栞暖
かのん	栞乃音
かのん	珈音
かのん	颯音
かりな	かりな
かりな	カリナ
かりな	榎理來
かりな	佳利奈
かりな	佳李奈
かりな	佳理奈
かりな	佳璃奈
かりな	佳璃那
かりな	佳里奈
かりな	佳莉菜
かりな	佳莉奈
かりな	加梨奈
かりな	加梨那
かりな	加梨南
かりな	加理奈
かりな	加里菜
かりな	加里奈
かりな	可梨奈
かりな	可梨名
かりな	可理奈
かりな	可里奈
かりな	可莉奈
かりな	可莉名
かりな	嘉梨菜
かりな	夏李菜
かりな	夏李奈
かりな	夏梨菜
かりな	夏里奈
かりな	夏凛那
かりな	夏莉菜
かりな	夏莉七
かりな	夏莉奈
かりな	夏莉南
かりな	果利菜
かりな	果李菜
かりな	果李奈
かりな	果李那
かりな	果李凪
かりな	果李南
かりな	果梨菜
かりな	果梨奈
かりな	果理菜
かりな	果璃奈
かりな	果里奈
かりな	果里那
かりな	果凛菜
かりな	果凛奈
かりな	果凛那
かりな	果凛凪
かりな	果凛和
かりな	果莉菜
かりな	果莉奈
かりな	果莉那
かりな	架里奈
かりな	架莉菜
かりな	架莉那
かりな	歌里菜
かりな	歌里奈
かりな	歌里那
かりな	禾梨奈
かりな	禾理奈
かりな	禾里菜
かりな	禾凛奈
かりな	花梨菜
かりな	花梨奈
かりな	花梨那
かりな	花理奈
かりな	花理和
かりな	花璃那
かりな	花里菜
かりな	花里奈
かりな	花里和
かりな	花凛菜
かりな	花凛奈
かりな	花莉菜
かりな	花莉奈
かりな	花莉名
かりな	華梨奈
かりな	華梨絆
かりな	華理奈
かりな	華里奈
かりな	華莉菜
かりな	華莉奈
かりな	華莉那
かりな	菓吏那
かりな	賀梨奈
かりな	海璃夏
かりな	海璃那
かりな	海里菜
かりな	海莉菜
かりな	樺梨菜
かりな	樺梨奈
かりな	桂理奈
かりな	桂里奈
かりな	香利奈
かりな	香李那
かりな	香李凪
かりな	香梨菜
かりな	香梨奈
かりな	香梨那
かりな	香理菜
かりな	香理奈
かりな	香理那
かりな	香理名
かりな	香里菜
かりな	香里奈
かりな	香里那
かりな	香里南
かりな	香里名
かりな	香凛奈
かりな	香凛那
かりな	香莉奈
かりな	香莉那
かりな	奏理菜
かりな	楓里奈
かりな	風里菜
かりな	耶里奈
かりな	珈李奈
かりな	珈莉奈
かりん	かりん
かりん	カリン
かりん	一凛
かりん	一凜
かりん	榎林
かりん	榎琳
かりん	榎鈴
かりん	榎凛
かりん	榎凜
かりん	伽綾
かりん	伽林
かりん	伽鈴
かりん	伽凛
かりん	伽稟
かりん	伽凜
かりん	佳綾
かりん	佳梨
かりん	佳倫
かりん	佳林
かりん	佳琳
かりん	佳輪
かりん	佳麟
かりん	佳鈴
かりん	佳凛
かりん	佳稟
かりん	佳綸
かりん	佳凜
かりん	加梨
かりん	加倫
かりん	加林
かりん	加琳
かりん	加鈴
かりん	加凛
かりん	加稟
かりん	可梨
かりん	可倫
かりん	可林
かりん	可琳
かりん	可鈴
かりん	可凛
かりん	可凜
かりん	嘉梨
かりん	嘉凛
かりん	嘉稟
かりん	夏綾
かりん	夏梨
かりん	夏倫
かりん	夏林
かりん	夏琳
かりん	夏鈴
かりん	夏凛
かりん	夏稟
かりん	夏綸
かりん	夏凜
かりん	家輪
かりん	果梨
かりん	果倫
かりん	果林
かりん	果淋
かりん	果琳
かりん	果鱗
かりん	果麟
かりん	果鈴
かりん	果凛
かりん	果稟
かりん	果凜
かりん	架梨
かりん	架倫
かりん	架琳
かりん	架凛
かりん	架凜
かりん	歌梨
かりん	歌倫
かりん	歌琳
かりん	歌鈴
かりん	歌凛
かりん	歌稟
かりん	歌綸
かりん	火麟
かりん	珂梨
かりん	珂琳
かりん	珂鈴
かりん	珂凛
かりん	珂稟
かりん	珂凜
かりん	禾綾
かりん	禾梨
かりん	禾倫
かりん	禾林
かりん	禾淋
かりん	禾琳
かりん	禾鈴
かりん	禾凛
かりん	禾稟
かりん	禾凜
かりん	花りん
かりん	花綾
かりん	花梨
かりん	花里
かりん	花倫
かりん	花厘
かりん	花林
かりん	花琳
かりん	花輪
かりん	花麟
かりん	花鈴
かりん	花凛
かりん	花稟
かりん	花綸
かりん	花莉凛
かりん	花凜
かりん	華綾
かりん	華梨
かりん	華厘
かりん	華林
かりん	華淋
かりん	華琳
かりん	華輪
かりん	華麟
かりん	華鈴
かりん	華凛
かりん	華稟
かりん	華綸
かりん	華凜
かりん	菓鈴
かりん	菓凛
かりん	迦凛
かりん	霞琳
かりん	霞鈴
かりん	霞凛
かりん	霞稟
かりん	霞凜
かりん	賀琳
かりん	海稟
かりん	確林
かりん	確凛
かりん	確凜
かりん	叶梨
かりん	叶倫
かりん	叶琳
かりん	叶鈴
かりん	叶凛
かりん	叶稟
かりん	椛梨
かりん	椛琳
かりん	椛鈴
かりん	椛凛
かりん	椛凜
かりん	樺林
かりん	樺琳
かりん	樺凛
かりん	樺凜
かりん	柑凛
かりん	環綾
かりん	環綸
かりん	甘花
かりん	甘梨
かりん	薫鈴
かりん	薫凛
かりん	圭厘
かりん	圭琳
かりん	圭凛
かりん	圭凜
かりん	香りん
かりん	香綾
かりん	香海
かりん	香倫
かりん	香厘
かりん	香林
かりん	香琳
かりん	香輪
かりん	香麟
かりん	香鈴
かりん	香凛
かりん	香稟
かりん	香綸
かりん	香凜
かりん	春鈴
かりん	処凛
かりん	神鈴
かりん	神凛
かりん	奏綾
かりん	奏琳
かりん	奏鈴
かりん	奏凛
かりん	奏凜
かりん	日琳
かりん	日輪
かりん	日凛
かりん	芭鈴
かりん	楓綾
かりん	楓梨
かりん	楓琳
かりん	楓鈴
かりん	楓凛
かりん	楓稟
かりん	楓凜
かりん	風鈴
かりん	風凛
かりん	風凜
かりん	芳凛
かりん	蘭梨
かりん	蘭鈴
かりん	蘭凛
かりん	和綾
かりん	和梨
かりん	和凌
かりん	和鈴
かりん	和凛
かりん	和稟
かりん	和凜
かりん	栞綾
かりん	栞梨
かりん	栞鈴
かりん	栞凛
かりん	栞凜
かりん	珈梨
かりん	珈琳
かりん	珈麟
かりん	珈凛
かりん	翔琳
かりん	翔鈴
かりん	苺凛音
かれん	かれん
かれん	カレン
かれん	榎怜
かれん	榎恋
かれん	榎煉
かれん	榎蓮
かれん	下蓮
かれん	伽怜
かれん	伽恋
かれん	伽蓮
かれん	佳鎌
かれん	佳怜
かれん	佳廉
かれん	佳恋
かれん	佳憐
かれん	佳漣
かれん	佳練
かれん	佳蓮
かれん	佳連
かれん	加怜
かれん	加恋
かれん	加煉
かれん	加蓮
かれん	可怜
かれん	可恋
かれん	可憐
かれん	可蓮
かれん	嘉怜
かれん	嘉恋
かれん	嘉蓮
かれん	夏怜
かれん	夏麗
かれん	夏恋
かれん	夏漣
かれん	夏蓮
かれん	夏連
かれん	果怜
かれん	果恋
かれん	果憐
かれん	果蓮
かれん	果連
かれん	架怜
かれん	架恋
かれん	架蓮
かれん	歌怜
かれん	歌恋
かれん	歌漣
かれん	歌練
かれん	歌蓮
かれん	河怜
かれん	火恋
かれん	火憐
かれん	火煉
かれん	珂伶
かれん	珂怜
かれん	珂恋
かれん	珂漣
かれん	珂蓮
かれん	禾怜
かれん	禾廉
かれん	禾恋
かれん	禾蓮
かれん	花愛
かれん	花怜
かれん	花麗
かれん	花廉
かれん	花恋
かれん	花恋音
かれん	花憐
かれん	花漣
かれん	花練
かれん	花蓮
かれん	花連
かれん	茄恋
かれん	茄蓮
かれん	華愛
かれん	華怜
かれん	華鈴
かれん	華鈴音
かれん	華麗
かれん	華廉
かれん	華恋
かれん	華憐
かれん	華漣
かれん	華煉
かれん	華練
かれん	華蓮
かれん	華絆
かれん	菓恋
かれん	嘩恋
かれん	嘩憐
かれん	迦恋
かれん	迦蓮
かれん	霞憐
かれん	霞漣
かれん	霞蓮
かれん	海怜
かれん	海恋
かれん	海蓮
かれん	叶怜
かれん	叶恋
かれん	叶漣
かれん	叶蓮
かれん	叶連
かれん	椛怜
かれん	椛礼音
かれん	椛恋
かれん	椛憐
かれん	椛蓮
かれん	樺恋
かれん	樺蓮
かれん	環漣
かれん	薫蓮
かれん	袈恋
かれん	圭怜
かれん	圭恋
かれん	圭蓮
かれん	紅炎
かれん	香暖
かれん	香怜
かれん	香廉
かれん	香恋
かれん	香憐
かれん	香漣
かれん	香蓮
かれん	桜恋
かれん	捷怜
かれん	捷蓮
かれん	奏恋
かれん	奏蓮
かれん	蝶舞
かれん	姫恋
かれん	楓怜
かれん	楓恋
かれん	楓蓮
かれん	楓連
かれん	蘭怜
かれん	蘭恋
かれん	蘭蓮
かれん	和怜
かれん	和恋
かれん	和憐
かれん	和蓮
かれん	栞怜
かれん	栞恋
かれん	珈恋
かれん	翔怜
かれん	翔恋
かれん	翔蓮
きあら	きあら
きあら	葵愛
きあら	企新
きあら	嬉露
きあら	希亜未
きあら	希亜羅
きあら	希亜来
きあら	希亜蘭
きあら	希亜良
きあら	希愛羅
きあら	希愛来
きあら	希杏来
きあら	希朱
きあら	希露
きあら	祈愛
きあら	季愛來
きあら	季露
きあら	稀亜羅
きあら	稀露
きあら	紀露
きあら	貴愛羅
きあら	輝愛
きあら	輝愛来
きあら	輝空來
きあら	輝星
きあら	輝天空
きあら	樹愛羅
きあら	樹新
きあら	星愛
きあら	星愛来
きあら	星瑠璃
きあら	妃愛来
きあら	妃星
きあら	姫亜蘭
きあら	姫愛
きあら	姫愛楽
きあら	姫愛空
きあら	姫愛彩
きあら	姫愛羅
きあら	姫愛来
きあら	姫愛來
きあら	姫羅
きあら	姫蘭
きあら	姫露
きあら	煌星
きあら	絆愛空
きあら	絆星
きあら	綺亜羅
きあら	綺娃羅
きあら	綺愛
きあら	綺愛羅
きあら	綺空蘭
きあら	綺晶
きあら	綺新
きあら	綺露
きあら	綺樂
きらら	きらら
きらら	キララ
きらら	葵良羅
きらら	葵來々
きらら	葵徠蘭
きらら	雲母
きらら	海美
きらら	喜良々
きらら	希らら
きらら	希星々
きらら	希星愛
きらら	希望星
きらら	希羅々
きらら	希羅花
きらら	希羅良
きらら	希蘭々
きらら	希良々
きらら	祈星来
きらら	祈星來
きらら	祈羅々
きらら	祈良々
きらら	季等々
きらら	季良々
きらら	稀星
きらら	稀良々
きらら	紀楽々
きらら	紀羅々
きらら	紀良々
きらら	規良々
きらら	貴良々
きらら	輝星
きらら	輝来々
きらら	輝蘭
きらら	輝蘭々
きらら	輝良々
きらら	空星
きらら	結晶
きらら	月姫
きらら	己楽良
きらら	燦楽
きらら	樹楽々
きらら	樹羅々
きらら	樹良々
きらら	星愛
きらら	星輝
きらら	星輝良
きらら	星彩
きらら	星心
きらら	星姫愛
きらら	星夢
きらら	星夢々
きらら	清羅羅
きらら	妃輝
きらら	妃星
きらら	妃柊
きらら	妃良々
きらら	姫愛彩
きらら	姫愛星
きらら	姫愛来
きらら	姫楽々
きらら	姫星
きらら	姫星々
きらら	姫星愛
きらら	姫羅々
きらら	姫来
きらら	姫来々
きらら	姫蘭
きらら	姫蘭々
きらら	姫良々
きらら	姫良羅
きらら	姫麗
きらら	木羅羅
きらら	耀桜
きらら	来星
きらら	流星
きらら	來夏
きらら	徠煌
きらら	煌々
きらら	煌空
きらら	煌桜
きらら	煌羅
きらら	煌来
きらら	煌良
きらら	絆愛空
きらら	綺楽来
きらら	綺羅々
きらら	綺羅楽
きらら	綺羅羅
きらら	綺羅蘭
きらら	綺来羅
きらら	綺蘭々
きらら	綺良々
きらら	綺麗
きらら	綺麗々
きらら	苺姫
くらら	くらら
くらら	鞍楽
くらら	晦良
くらら	久楽々
くらら	久楽良
くらら	久羅々
くらら	久羅良
くらら	久蘭々
くらら	久良々
くらら	玖楽々
くらら	玖羅々
くらら	玖良々
くらら	空羅々
くらら	空來々
くらら	公良々
くらら	紅羅来
くらら	紅蘭々
くらら	紅良々
くらら	紅麗
くらら	昏良
くらら	桜來
くらら	夢愛々
くらら	夢楽
くらら	夢星
くらら	夢羅
くらら	夢来
くらら	夢蘭
くらら	夢良
くらら	夢來
くらら	夢徠
くらら	椋萊
くらら	来楽羅
くらら	來々麗
くらら	來楽々
くらら	來羅々
くらら	來羅楽
くりす	くり寿
くりす	久利寿
くりす	久利須
くりす	久梨寿
くりす	久梨須
くりす	久理寿
くりす	久理須
くりす	久里須
くりす	久莉彩
くりす	玖理朱
くりす	玖璃珠
くりす	紅莉栖
くりす	来里栖
くりす	來莉朱
くれあ	くれあ
くれあ	くれ愛
くれあ	クレア
くれあ	久伶亜
くれあ	久怜愛
くれあ	久玲亜
くれあ	久礼亜
くれあ	久礼愛
くれあ	久恋亜
くれあ	久恋愛
くれあ	究麗雅
くれあ	玖伶亜
くれあ	玖怜亜
くれあ	玖玲愛
くれあ	玖玲明
くれあ	玖礼愛
くれあ	玖麗娃
くれあ	空怜愛
くれあ	空怜杏
くれあ	空玲亜
くれあ	空玲安
くれあ	空麗安
くれあ	空麗雅
くれあ	薫麗愛
くれあ	胡莉杏
くれあ	呉亜
くれあ	呉阿
くれあ	呉愛
くれあ	呉安
くれあ	呉明
くれあ	紅亜
くれあ	紅阿
くれあ	紅愛
くれあ	紅逢
くれあ	紅葵
くれあ	紅茜
くれあ	紅安
くれあ	紅案
くれあ	紅杏
くれあ	紅稀
くれあ	紅空
くれあ	紅彩
くれあ	紅采
くれあ	紅碧
くれあ	紅歩
くれあ	紅令杏
くれあ	紅嶺空
くれあ	紅嶺明
くれあ	紅玲亜
くれあ	紅玲愛
くれあ	紅玲杏
くれあ	紅玲有
くれあ	紅礼亜
くれあ	紅麗亜
くれあ	紅麗愛
くれあ	紅麗杏
くれあ	紅蓮愛
くれあ	紅曖
くれあ	昏空
くれあ	暮亜
くれあ	暮阿
くれあ	暮愛
くれあ	夢亜
くれあ	夢愛
くれあ	夢空
くれあ	来亜
くれあ	来愛
くれあ	来彩
くれあ	來愛
くれあ	來茜
くれあ	來杏
くれあ	來玲亜
くれあ	來玲愛
くれあ	來玲安
くれあ	來玲空
くれあ	來鈴彩
くれあ	來麗亜
くれあ	來恋愛
くれあ	來蓮亜
くれあ	來莉愛
くれあ	來莉彩
くれあ	徠愛
ここあ	ここあ
ここあ	快亜
ここあ	弧々愛
ここあ	湖々亜
ここあ	湖瑚愛
ここあ	瑚々亜
ここあ	瑚々愛
ここあ	瑚々杏
ここあ	瑚々彩
ここあ	瑚々明
ここあ	瑚瑚愛
ここあ	瑚木亜
ここあ	幸々愛
ここあ	幸恋愛
ここあ	子々空
ここあ	志愛
ここあ	斯愛
ここあ	小恋亜
ここあ	心々愛
ここあ	心亜
ここあ	心愛
ここあ	心葵
ここあ	心茜
ここあ	心梓
ここあ	心安
ここあ	心杏
ここあ	心空
ここあ	心昂
ここあ	心彩
ここあ	心朱
ここあ	心秋
ここあ	心暖
ここあ	心媛
ここあ	心碧
ここあ	心歩
ここあ	心明
ここあ	心優
ここあ	心有
ここあ	心和
ここあ	心亞
ここあ	来々愛
ここあ	恋々亜
ここあ	恋々愛
ここあ	恋亜
ここあ	恋瑚愛
ここあ	琥々愛
さあや	さあや
さあや	さあ野
さあや	倖彩
さあや	幸彩
さあや	更綺
さあや	佐亜夜
さあや	佐絢
さあや	佐綾
さあや	佐杏弥
さあや	佐郁
さあや	佐英
さあや	佐彩
さあや	佐采
さあや	佐朱
さあや	佐純
さあや	佐斐
さあや	佐紋
さあや	佐礼
さあや	佐綺
さあや	叉亜夜
さあや	叉亜耶
さあや	叉亜弥
さあや	叉亜椰
さあや	左彩
さあや	沙亜也
さあや	沙亜夜
さあや	沙亜耶
さあや	沙亜椰
さあや	沙愛哉
さあや	沙愛耶
さあや	沙愛弥
さあや	沙絢
さあや	沙綾
さあや	沙安夜
さあや	沙郁
さあや	沙彩
さあや	沙彩弥
さあや	沙彩優
さあや	沙采
さあや	沙朱
さあや	沙斐
さあや	沙文
さあや	沙紋
さあや	沙理
さあや	沙綺
さあや	瑳郁
さあや	瑳彩
さあや	砂亜耶
さあや	砂郁
さあや	砂彩
さあや	裟彩
さあや	彩亜弥
さあや	彩愛耶
さあや	彩愛弥
さあや	彩愛優
さあや	彩絢
さあや	彩綾
さあや	彩郁
さあや	彩彩
さあや	彩朱
さあや	彩文
さあや	彩紋
さあや	彩礼
さあや	彩惠
さあや	彩綺
さあや	才絢
さあや	才綾
さあや	才礼
さあや	才綺
さあや	冴絢
さあや	冴綾
さあや	冴郁
さあや	冴彩
さあや	冴斐
さあや	冴綺
さあや	咲亜耶
さあや	咲亜弥
さあや	咲愛耶
さあや	咲愛矢
さあや	咲愛鈴
さあや	咲絢
さあや	咲綾
さあや	咲郁
さあや	咲彩
さあや	咲采
さあや	咲朱
さあや	咲純
さあや	咲文
さあや	咲紋
さあや	咲礼
さあや	咲綺
さあや	桜亜優
さあや	桜愛
さあや	桜愛椰
さあや	桜絢
さあや	桜綾
さあや	桜郁
さあや	桜彩
さあや	桜斐
さあや	桜文
さあや	桜礼
さあや	桜綺
さあや	皐絢
さあや	珊文
さあや	紗亜耶
さあや	紗亜弥
さあや	紗亜矢
さあや	紗愛弥
さあや	紗愛矢
さあや	紗絢
さあや	紗綾
さあや	紗安弥
さあや	紗郁
さあや	紗恵
さあや	紗彩
さあや	紗采
さあや	紗朱
さあや	紗純
さあや	紗章
さあや	紗菖
さあや	紗彬
さあや	紗文
さあや	紗明夜
さあや	紗明弥
さあや	紗紋
さあや	紗理
さあや	紗礼
さあや	紗綺
さあや	小絢
さあや	小綾
さあや	小彩
さあや	小斐
さあや	小文
さあや	小紋
さあや	小礼
さあや	清彩
さあや	爽彩
さあや	早亜也
さあや	早亜弥
さあや	早絢
さあや	早綾
さあや	早郁
さあや	早恵
さあや	早彩
さあや	早文
さあや	早紋
さあや	早綺
さあや	草彩
さあや	茶彩
さあや	朝綾
さあや	麻彩
さあや	理礼
さあや	櫻紋
さくら	さくら
さくら	さく良
さくら	サクラ
さくら	乙桜
さくら	覚椋
さくら	幸桜
さくら	幸夢
さくら	佐久来
さくら	佐久良
さくら	佐久來
さくら	佐夢
さくら	佐來羅
さくら	叉玖羅
さくら	叉紅羅
さくら	嵯紅羅
さくら	嵯倉
さくら	左久良
さくら	沙くら
さくら	沙久楽
さくら	沙久羅
さくら	沙久来
さくら	沙久良
さくら	沙久來
さくら	沙玖羅
さくら	沙玖良
さくら	沙空良
さくら	沙紅羅
さくら	沙紅良
さくら	沙桜
さくら	沙倉
さくら	沙比
さくら	沙夢
さくら	沙来羅
さくら	沙来良
さくら	沙曖
さくら	瑳玖羅
さくら	砂来
さくら	彩愛
さくら	彩久羅
さくら	彩久良
さくら	彩句来
さくら	彩句良
さくら	彩句來
さくら	彩空良
さくら	彩紅良
さくら	彩倉
さくら	彩夢
さくら	彩椋
さくら	彩来良
さくら	彩來良
さくら	菜夢
さくら	冴久良
さくら	冴蔵
さくら	咲くら
さくら	咲ら
さくら	咲愛
さくら	咲果
さくら	咲花
さくら	咲華
さくら	咲楽
さくら	咲久羅
さくら	咲久来
さくら	咲久良
さくら	咲久麗
さくら	咲久來
さくら	咲玖良
さくら	咲空
さくら	咲空羅
さくら	咲空良
さくら	咲紅
さくら	咲紅羅
さくら	咲紅蘭
さくら	咲紅良
さくら	咲桜
さくら	咲春
さくら	咲蔵
さくら	咲夢
さくら	咲椋
さくら	咲耶
さくら	咲羅
さくら	咲来
さくら	咲頼
さくら	咲藍
さくら	咲蘭
さくら	咲良
さくら	咲礼
さくら	咲麗
さくら	咲來
さくら	咲來良
さくら	咲曖
さくら	咲樂
さくら	咲櫻
さくら	咲煌
さくら	咲蕾
さくら	作楽
さくら	作良
さくら	朔楽
さくら	朔空
さくら	朔桜
さくら	朔等
さくら	朔夢
さくら	朔羅
さくら	朔来
さくら	朔欄
さくら	朔蘭
さくら	朔良
さくら	朔礼
さくら	朔來
さくら	朔來良
さくら	朔徠
さくら	朔樂
さくら	窄羅
さくら	桜々
さくら	桜愛
さくら	桜花
さくら	桜華
さくら	桜楽
さくら	桜玖蘭
さくら	桜空
さくら	桜彩
さくら	桜咲
さくら	桜咲音
さくら	桜子
さくら	桜春
さくら	桜心
さくら	桜水
さくら	桜童
さくら	桜美
さくら	桜夢
さくら	桜椋
さくら	桜藍
さくら	桜礼
さくら	桜來
さくら	桜樂
さくら	桜蕾
さくら	桜萊
さくら	偲夢
さくら	紗くら
さくら	紗久楽
さくら	紗久羅
さくら	紗久来
さくら	紗久良
さくら	紗句來
さくら	紗玖羅
さくら	紗玖来
さくら	紗玖良
さくら	紗紅羅
さくら	紗紅良
さくら	紗桜
さくら	紗倉
さくら	紗蔵
さくら	紗夢
さくら	紗来良
さくら	紗來良
さくら	紗曖
さくら	春花
さくら	春咲
さくら	春咲美
さくら	春桜
さくら	小久良
さくら	小紅羅
さくら	小桜
さくら	小夢
さくら	小椋
さくら	小曖
さくら	祥夢
さくら	心桜
さくら	爽夢
さくら	早久来
さくら	早久良
さくら	早桜
さくら	早倉
さくら	早来羅
さくら	早来良
さくら	茶空礼
さくら	茶景
さくら	捺夢
さくら	波々伽
さくら	美咲
さくら	百桜
さくら	楼
さくら	櫻夢
さくら	櫻樂
さくら	凜夢
さくらこ	さくらこ
さくらこ	さくら子
さくらこ	さくら心
さくらこ	咲ら子
さくらこ	咲楽子
さくらこ	咲桜心
さくらこ	咲羅子
さくらこ	咲来子
さくらこ	咲蘭湖
さくらこ	咲蘭子
さくらこ	咲良子
さくらこ	咲良心
さくらこ	咲樂子
さくらこ	作楽子
さくらこ	朔羅子
さくらこ	朔良子
さくらこ	桜古
さくらこ	桜呼
さくらこ	桜己
さくらこ	桜湖
さくらこ	桜胡
さくらこ	桜虎
さくらこ	桜瑚
さくらこ	桜好
さくらこ	桜幸
さくらこ	桜香
さくらこ	桜仔
さくらこ	桜子
さくらこ	桜小
さくらこ	桜心
さくらこ	桜虹
さくらこ	桜木
さくらこ	桜来
さくらこ	桜恋
さくらこ	桜來
さくらこ	桜壽
さくらこ	桜琥
さくらこ	紗倉子
さくらこ	白桜子
さくらこ	櫻湖
さくらこ	櫻好
さくらこ	櫻幸
さくらこ	櫻香
さくらこ	櫻子
さくらこ	櫻心
さくらこ	櫻良子
さくらこ	櫻恋
さら	さら
さら	サラ
さら	狭良
さら	倖良
さら	幸羅
さら	幸来
さら	幸良
さら	幸來
さら	更
さら	些羅
さら	佐羅
さら	佐螺
さら	佐良
さら	叉愛
さら	叉羅
さら	嵯羅
さら	嵯螺
さら	左羅
さら	左螺
さら	沙ら
さら	沙愛
さら	沙楽
さら	沙空
さら	沙咲
さら	沙桜
さら	沙羅
さら	沙螺
さら	沙来
さら	沙藍
さら	沙蘭
さら	沙良
さら	沙礼
さら	沙麗
さら	沙來
さら	沙徠
さら	沙蕾
さら	瑳羅
さら	瑳螺
さら	瑳来
さら	瑳良
さら	瑳來
さら	砂愛
さら	砂羅
さら	砂頼
さら	砂良
さら	砂來
さら	裟羅
さら	裟螺
さら	裟良
さら	彩愛
さら	彩楽
さら	彩空
さら	彩咲
さら	彩羅
さら	彩螺
さら	彩藍
さら	彩良
さら	彩麗
さら	彩來
さら	彩徠
さら	彩蕾
さら	彩萊
さら	才良
さら	才來
さら	采頼
さら	采良
さら	采來
さら	冴楽
さら	冴空
さら	冴羅
さら	冴螺
さら	冴蘭
さら	冴良
さら	冴麗
さら	咲ら
さら	咲愛
さら	咲花
さら	咲楽
さら	咲輝
さら	咲空
さら	咲桜
さら	咲晶
さら	咲笑
さら	咲心
さら	咲羅
さら	咲螺
さら	咲来
さら	咲頼
さら	咲藍
さら	咲蘭
さら	咲良
さら	咲麗
さら	咲來
さら	咲徠
さら	咲蕾
さら	桜愛
さら	桜楽
さら	桜空
さら	桜月
さら	桜来
さら	桜來
さら	桜樂
さら	桜蕾
さら	皐来
さら	皐來
さら	皿
さら	晒
さら	燦樂
さら	讃良
さら	紗ら
さら	紗愛
さら	紗楽
さら	紗空
さら	紗咲
さら	紗桜
さら	紗羅
さら	紗螺
さら	紗来
さら	紗藍
さら	紗蘭
さら	紗良
さら	紗礼
さら	紗麗
さら	紗來
さら	紗徠
さら	紗萊
さら	小空
さら	小桜
さら	小羅
さら	小来
さら	小良
さら	小蕾
さら	醒羅
さら	爽空
さら	爽羅
さら	爽礼
さら	早羅
さら	早螺
さら	早来
さら	早蘭
さら	早良
さら	茶良
さら	朝蘭
さら	櫻空
さらさ	さらさ
さらさ	さら沙
さらさ	さら彩
さらさ	さら咲
さらさ	さら紗
さらさ	更沙
さらさ	更瑳
さらさ	更彩
さらさ	更采
さらさ	更咲
さらさ	更紗
さらさ	更茶
さらさ	沙羅沙
さらさ	沙羅砂
さらさ	沙羅彩
さらさ	沙羅咲
さらさ	沙良彩
さらさ	沙良咲
さらさ	沙良桜
さらさ	沙良紗
さらさ	沙良早
さらさ	彩良沙
さらさ	彩良咲
さらさ	彩良桜
さらさ	彩良紗
さらさ	咲楽佐
さらさ	咲楽沙
さらさ	咲楽紗
さらさ	咲羅佐
さらさ	咲羅沙
さらさ	咲羅紗
さらさ	咲羅早
さらさ	咲来紗
さらさ	咲来早
さらさ	咲良沙
さらさ	咲良彩
さらさ	咲良桜
さらさ	咲良紗
さらさ	桜来咲
さらさ	桜良沙
さらさ	桜良彩
さらさ	桜良咲
さらさ	桜良紗
さらさ	紗羅些
さらさ	紗羅紗
さらさ	紗来沙
さらさ	紗来彩
さらさ	紗来咲
さらさ	紗良佐
さらさ	紗良沙
さらさ	紗良彩
さらさ	紗良咲
さらさ	紗良桜
さらさ	紗良里
さらさ	小良彩
さらさ	新沙
さらさ	新彩
さらさ	新咲
さらさ	新紗
さらら	さらら
さらら	更羅
さらら	更良
さらら	沙羅良
さらら	沙良々
さらら	彩良
さらら	咲らら
さらら	咲楽々
さらら	咲桜
さらら	咲桜々
さらら	咲等々
さらら	咲羅々
さらら	咲良々
さらら	桜楽々
さらら	桜等々
さらら	桜羅々
さらら	桜来々
さらら	桜良々
さらら	皿楽
さらら	讃良
さらら	讃良々
さらら	紗羅々
さらら	紗羅蘭
さらら	紗羅良
さらら	紗来々
さらら	紗良々
さらら	紗良蘭
さらら	小楽々
さらら	小羅々
さらら	小良々
さらら	雪羅
さらら	早楽々
さらら	早羅々
さらら	早良々
さらら	櫻羅々
さらん	さらん
さらん	サラン
さらん	愛楽
さらん	慧蘭
さらん	佐蘭
さらん	沙藍
さらん	沙蘭
さらん	彩藍
さらん	冴蘭
さらん	咲藍
さらん	咲蘭
さらん	桜愛
さらん	皐蘭
さらん	紗愛
さらん	紗嵐
さらん	紗藍
さらん	紗蘭
さらん	早藍
さらん	早蘭
さらん	茶蘭
さらん	都楽
さらん	杷蘭
さりあ	さりあ
さりあ	沙哩明
さりあ	沙利亜
さりあ	沙李娃
さりあ	沙梨亜
さりあ	沙梨愛
さりあ	沙梨杏
さりあ	沙理亜
さりあ	沙璃亜
さりあ	沙里杏
さりあ	沙莉愛
さりあ	裟里愛
さりあ	彩梨愛
さりあ	彩里愛
さりあ	咲梨亜
さりあ	咲莉亜
さりあ	咲莉愛
さりあ	桜里亜
さりあ	紗利亜
さりあ	紗李明
さりあ	紗李有
さりあ	紗梨亜
さりあ	紗梨明
さりあ	紗璃明
さりあ	紗里亜
さりあ	紗里愛
さりあ	紗里明
さりあ	紗莉亜
さりあ	紗莉愛
さりあ	紗莉明
さりあ	早梨亜
さりあ	茶梨亜
さりい	さりい
さりい	沙吏良
さりい	沙梨依
さりい	沙梨衣
さりい	沙里依
さりい	沙里衣
さりい	沙莉衣
さりい	彩理衣
さりい	咲李衣
さりい	咲里衣
さりい	咲莉衣
さりい	紗吏衣
さりい	紗梨依
さりい	紗理依
さりい	紗理衣
さりい	紗里依
さりい	紗里衣
さりい	紗莉衣
さりい	紗莉妃
さりい	紗莉唯
さりい	早梨衣
しえら	シエラ
しえら	志咲良
しえら	糸衣良
しえら	詩衣羅
しえら	詩映羅
しえら	詩絵羅
しえら	詩絵良
しえら	詩恵良
しえり	しえり
しえり	貝莉
しえり	史映理
しえり	史瑛莉
しえり	史絵里
しえり	史恵里
しえり	史咲莉
しえり	志衣梨
しえり	志絵梨
しえり	志絵理
しえり	志恵里
しえり	志咲里
しえり	志重里
しえり	志笑里
しえり	志笑鈴
しえり	志笑莉
しえり	紫衣理
しえり	紫栄莉
しえり	紫英理
しえり	紫絵莉
しえり	紫衿
しえり	紫恵莉
しえり	詩愛凛
しえり	詩衣里
しえり	詩映莉
しえり	詩瑛里
しえり	詩英莉
しえり	詩絵里
しえり	詩衿
しえり	詩恵里
しえり	詩恵莉
しえり	詩枝里
しえり	詩枝莉
しえり	誌絵莉
しえり	心衿
しえる	しえる
しえる	シエル
しえる	史恵瑠
しえる	士恵瑠
しえる	志絵留
しえる	志恵瑠
しえる	思笑琉
しえる	枝恵瑠
しえる	紫衣瑠
しえる	紫瑛琉
しえる	紫絵瑠
しえる	紫恵瑠
しえる	紫江瑠
しえる	紫流
しえる	詞恵瑠
しえる	詩愛瑠
しえる	詩栄琉
しえる	詩英琉
しえる	詩絵瑠
しえる	詩恵瑠
しえる	詩笑瑠
しえる	詩得
しえる	滋恵瑠
しえる	示恵瑠
しえる	汐依月
しえる	偲愛琉
しえる	偲愛瑠
しえる	虹音
しえる	柊永琉
しえる	姫星
しえる	栞依瑠
しのん	しのん
しのん	梓暖
しのん	梓乃音
しのん	司暖
しのん	志乃音
しのん	思音
しのん	思暖
しのん	偲暖
しのん	織暖
しのん	心暖
しのん	姫音
しのん	栞暖
じゅあん	じゅあん
じゅあん	朱晏
じゅあん	珠杏
じゅあん	珠晏
じゅあん	寿安
じゅあん	寿杏
じゅあん	寿晏
じゅあん	樹杏
じゅえり	珠依莉
じゅえり	珠瑛璃
じゅえり	珠絵梨
じゅえり	珠恵里
じゅえり	寿瑛理
じゅえり	寿江梨
じゅえり	樹愛里
じゅえり	樹衣梨
じゅえり	樹英梨
じゅえり	樹絵理
じゅえり	樹絵里
じゅえり	樹絵莉
じゅえり	樹恵理
じゅえり	樹恵里
じゅえり	樹江里
じゅえり	純絵理
じゅえる	珠愛
じゅえる	珠愛妃
じゅえる	珠愛麗
じゅえる	珠衣瑠
じゅえる	珠栄瑠
じゅえる	珠瑛瑠
じゅえる	珠絵琉
じゅえる	珠絵瑠
じゅえる	寿絵瑠
じゅえる	樹絵瑠
じゅえる	樹恵琉
じゅえる	樹笑瑠
じゅえる	純衣瑠
じゅえる	純粋
じゅえる	宝石
じゅり	じゅり
じゅり	ジュリ
じゅり	朱亥
じゅり	朱織
じゅり	朱梨
じゅり	朱麗
じゅり	朱凜
じゅり	珠浬
じゅり	珠織
じゅり	珠有
じゅり	珠璃
じゅり	珠里
じゅり	珠律
じゅり	珠厘
じゅり	珠琳
じゅり	珠鈴
じゅり	珠麗
じゅり	珠莉
じゅり	珠凜
じゅり	儒李
じゅり	儒梨
じゅり	儒理
じゅり	受浬
じゅり	寿浬
じゅり	寿織
じゅり	寿利
じゅり	寿吏
じゅり	寿李
じゅり	寿梨
じゅり	寿理
じゅり	寿璃
じゅり	寿里
じゅり	寿麗
じゅり	寿俐
じゅり	寿莉
じゅり	授利
じゅり	授吏
じゅり	授李
じゅり	授理
じゅり	授璃
じゅり	授里
じゅり	授莉
じゅり	樹浬
じゅり	樹織
じゅり	樹利
じゅり	樹吏
じゅり	樹李
じゅり	樹梨
じゅり	樹理
じゅり	樹璃
じゅり	樹裡
じゅり	樹陸
じゅり	樹礼
じゅり	樹鈴
じゅり	樹俐
じゅり	樹凛
じゅり	樹稟
じゅり	樹莉
じゅり	樹凜
じゅり	需梨
じゅり	十理
じゅり	十璃
じゅり	柔里
じゅり	潤吏
じゅり	純李
じゅり	純梨
じゅり	純璃
じゅり	純凛
じゅり	純莉
じゅり	途凜
じゅり	廿梨
じゅり	廿凛
じゅり	廿莉
じゅり	廿凜
じゅり	壽李
じゅり	壽理
じゅり	壽璃
じゅり	壽里
じゅり	壽凛
じゅり	壽莉
じゅり	詢梨
じゅり	頌里
じゅりあ	じゅりあ
じゅりあ	朱梨亜
じゅりあ	朱梨杏
じゅりあ	朱里愛
じゅりあ	朱里杏
じゅりあ	朱里彩
じゅりあ	朱里菜
じゅりあ	朱莉愛
じゅりあ	珠利亜
じゅりあ	珠利愛
じゅりあ	珠李亜
じゅりあ	珠梨亜
じゅりあ	珠梨愛
じゅりあ	珠梨彩
じゅりあ	珠理亜
じゅりあ	珠理愛
じゅりあ	珠理彩
じゅりあ	珠璃亜
じゅりあ	珠璃愛
じゅりあ	珠璃碧
じゅりあ	珠璃亞
じゅりあ	珠里亜
じゅりあ	珠里愛
じゅりあ	珠里安
じゅりあ	珠里杏
じゅりあ	珠麗彩
じゅりあ	珠莉亜
じゅりあ	珠莉愛
じゅりあ	珠莉逢
じゅりあ	珠莉杏
じゅりあ	珠莉空
じゅりあ	珠莉有
じゅりあ	珠凜愛
じゅりあ	寿利亜
じゅりあ	寿吏亜
じゅりあ	寿梨亜
じゅりあ	寿里亜
じゅりあ	寿麗愛
じゅりあ	樹利亜
じゅりあ	樹梨亜
じゅりあ	樹梨阿
じゅりあ	樹梨愛
じゅりあ	樹梨杏
じゅりあ	樹梨空
じゅりあ	樹理亜
じゅりあ	樹理阿
じゅりあ	樹理愛
じゅりあ	樹理安
じゅりあ	樹璃亜
じゅりあ	樹璃愛
じゅりあ	樹里亜
じゅりあ	樹里愛
じゅりあ	樹里杏
じゅりあ	樹里亞
じゅりあ	樹凛亜
じゅりあ	樹凛愛
じゅりあ	樹莉亜
じゅりあ	樹莉愛
じゅりあ	樹莉安
じゅりあ	樹莉杏
じゅりあ	樹凜亜
じゅりあ	樹凜愛
じゅりあ	純里愛
じゅりあ	純麗愛
じゅりあ	純莉愛
じゅりあ	順莉亜
じゅりあ	雛麗愛
じゅりあ	雛凛愛
じゅりあ	雛黎愛
じゅりあ	姫華
じゅりあ	鷲莉愛
すもも	すもも
すもも	杏萌
すもも	甘桃
すもも	朱桃
すもも	珠桃
すもも	寿桃
すもも	寿百
すもも	澄桃
せあら	せあら
せあら	慧愛蘭
せあら	瀬亜楽
せあら	星愛
せあら	星愛姫
せあら	星愛来
せあら	星愛蘭
せあら	星愛良
せあら	星空羅
せあら	星亞羅
せあら	聖愛羅
せあら	聖愛来
せあら	聖空
せしる	せしる
せしる	世史留
せしる	世志琉
せしる	世紫留
せしる	世紫瑠
せしる	世詩琉
せしる	世詩瑠
せしる	世知
せしる	瀬史琉
せしる	瀬偲流
せしる	星紫瑠
せしる	星詞流
せしる	星詩流
せしる	星詩留
せしる	星詩瑠
せしる	星誌
せしる	星知
せしる	星知流
せしる	星姫
せしる	清幸瑠
せしる	清志流
せしる	聖志留
せしる	聖志瑠
せしる	聖紫瑠
せしる	聖朱瑠
せしる	聖心流
せりあ	せりあ
せりあ	芹亜
せりあ	芹愛
せりあ	芹杏
せりあ	芹空
せりあ	芹明
せりあ	世梨亜
せりあ	世里愛
せりあ	世莉亜
せりあ	瀬里亜
せりあ	瀬莉碧
せりあ	勢鈴杏
せりあ	成鳳
せりあ	星梨愛
せりあ	星璃愛
せりあ	星凛亜
せりあ	星莉亜
せりあ	星莉明
せりあ	惺鈴空
せれな	せれな
せれな	せれ奈
せれな	せれ那
せれな	セレナ
せれな	汐玲奈
せれな	汐玲那
せれな	小夜
せれな	小夜歌
せれな	世伶菜
せれな	世伶奈
せれな	世伶那
せれな	世嶺那
せれな	世怜奈
せれな	世怜那
せれな	世玲夏
せれな	世玲菜
せれな	世玲渚
せれな	世玲奈
せれな	世玲那
せれな	世玲凪
せれな	世玲南
せれな	世玲梛
せれな	世礼奈
せれな	世麗奈
せれな	瀬令奈
せれな	瀬怜奈
せれな	瀬礼菜
せれな	瀬礼奈
せれな	瀬礼那
せれな	瀬麗菜
せれな	瀬麗奈
せれな	瀬麗那
せれな	瀬麗名
せれな	星雫
せれな	星玲菜
せれな	星玲渚
せれな	星玲奈
せれな	星玲那
せれな	星玲名
せれな	星礼奈
せれな	星鈴菜
せれな	星麗七
せれな	星麗奈
せれな	聖令那
せれな	聖伶菜
せれな	聖伶奈
せれな	聖伶那
せれな	聖嶺奈
せれな	聖玲菜
せれな	聖玲奈
せれな	聖玲那
せれな	聖麗南
せれな	聖恋奈
せれな	静月夜
せれな	妹恋愛
そえる	奏絵留
そえる	奏絵瑠
そえる	添琉
たいむ	帝夢
てぃあら	てぃあら
てぃあら	ティアラ
てぃあら	瑛愛
てぃあら	冠妃
てぃあら	冠姫
てぃあら	輝愛
てぃあら	輝愛空
てぃあら	輝愛姫
てぃあら	輝空桜
てぃあら	星愛姫
てぃあら	星愛来
てぃあら	聖愛
てぃあら	帝亜羅
てぃあら	帝亜蘭
てぃあら	天亜羅
てぃあら	天愛
てぃあら	天愛来
てぃあら	姫亜羅
てぃあら	姫愛
てぃあら	姫愛蘭
てぃあら	姫冠
てぃあら	姫輝冠
てぃあら	媛珠
てぃあら	宝冠
てぃな	てぃな
てぃな	ティナ
てぃな	星愛
てぃな	星虹
てぃな	禎夏
てぃな	天響
てぃな	薙奈
てぃな	姫奈
てれさ	てれさ
てれさ	輝玲咲
てれさ	照沙
てれさ	照彩
てれさ	照紗
てれさ	天礼紗
てれさ	煌月
ないる	奈依
ないる	奈衣留
ないる	寧依瑠
なでしこ	なでしこ
なでしこ	なでし子
なでしこ	撫子
なでしこ	撫詩子
にいな	にいな
にいな	にい菜
にいな	にい奈
にいな	にい那
にいな	にゐ那
にいな	ニイナ
にいな	愛梨
にいな	荷生菜
にいな	彩愛
にいな	似偉奈
にいな	似衣菜
にいな	似衣奈
にいな	似衣名
にいな	似唯菜
にいな	似唯奈
にいな	爾伊菜
にいな	爾委南
にいな	笑花
にいな	笑菜
にいな	新愛
にいな	新依菜
にいな	新依奈
にいな	新依名
にいな	新衣七
にいな	新衣奈
にいな	新稲
にいな	新夏
にいな	新花
にいな	新華
にいな	新菜
にいな	新七
にいな	新渚
にいな	新雛
にいな	新奈
にいな	新那
にいな	新凪
にいな	新捺
にいな	新南
にいな	新波
にいな	新苗
にいな	新名
にいな	新梨
にいな	新倭奈
にいな	新和
にいな	新梛
にいな	新絆
にいな	仁ゐ菜
にいな	仁以菜
にいな	仁以奈
にいな	仁以那
にいな	仁依菜
にいな	仁依奈
にいな	仁依那
にいな	仁依名
にいな	仁依和
にいな	仁委奈
にいな	仁惟奈
にいな	仁維菜
にいな	仁衣菜
にいな	仁衣奈
にいな	仁衣那
にいな	仁衣名
にいな	仁稲
にいな	仁菜
にいな	仁奈
にいな	仁那
にいな	仁唯菜
にいな	仁唯奈
にいな	仁唯那
にいな	仁唯和
にいな	丹依和
にいな	丹衣菜
にいな	丹衣奈
にいな	二依菜
にいな	二依那
にいな	二意奈
にいな	二維菜
にいな	二唯菜
にいな	虹愛
にいな	虹依奈
にいな	虹依那
にいな	虹衣七
にいな	虹衣奈
にいな	虹衣名
にいな	虹夏
にいな	虹月
にいな	虹彩愛
にいな	虹菜
にいな	虹七
にいな	虹渚
にいな	虹奈
にいな	日捺
にか	にか
にか	荷榎
にか	荷果
にか	似花
にか	似華
にか	肖花
にか	肖海
にか	肖樺
にか	仁一
にか	仁榎
にか	仁伽
にか	仁佳
にか	仁加
にか	仁嘉
にか	仁夏
にか	仁果
にか	仁架
にか	仁歌
にか	仁珂
にか	仁禾
にか	仁花
にか	仁華
にか	仁迦
にか	仁賀
にか	仁馨
にか	仁椛
にか	仁樺
にか	仁香
にか	仁楓
にか	仁翔
にか	丹佳
にか	丹加
にか	丹嘉
にか	丹夏
にか	丹禾
にか	丹花
にか	丹華
にか	丹迦
にか	丹樺
にか	丹香
にか	丹蘭
にか	二一
にか	二榎
にか	二佳
にか	二加
にか	二嘉
にか	二夏
にか	二歌
にか	二花
にか	二華
にか	二叶
にか	二樺
にか	二香
にか	二翔
にか	弐華
にか	虹佳
にか	虹加
にか	虹架
にか	虹歌
にか	虹花
にか	虹華
にか	虹迦
にか	虹海
にか	虹叶
にか	虹圭
にか	虹香
にか	虹日
にか	類蘭
にこ	にこ
にこ	に子
にこ	ニコ
にこ	花咲
にこ	花笑
にこ	荷瑚
にこ	荷子
にこ	荷恋
にこ	椛子
にこ	椛虹
にこ	幸花
にこ	幸恋
にこ	咲子
にこ	似乎
にこ	似胡
にこ	似瑚
にこ	似子
にこ	似來
にこ	爾子
にこ	爾心
にこ	柔心
にこ	笑
にこ	笑愛
にこ	笑椛
にこ	笑顔
にこ	笑胡
にこ	笑瑚
にこ	笑幸
にこ	笑子
にこ	笑心
にこ	笑姫
にこ	笑恋
にこ	新煌
にこ	人虹
にこ	仁琴
にこ	仁乎
にこ	仁古
にこ	仁呼
にこ	仁湖
にこ	仁胡
にこ	仁鼓
にこ	仁瑚
にこ	仁光
にこ	仁香
にこ	仁子
にこ	仁心
にこ	仁虹
にこ	仁木
にこ	仁来
にこ	仁恋
にこ	仁來
にこ	仁琥
にこ	丹琴
にこ	丹己
にこ	丹湖
にこ	丹胡
にこ	丹瑚
にこ	丹紅
にこ	丹子
にこ	丹心
にこ	丹来
にこ	丹恋
にこ	丹來
にこ	二コ
にこ	二湖
にこ	二胡
にこ	二虎
にこ	二鼓
にこ	二瑚
にこ	二子
にこ	二心
にこ	二来
にこ	弐恋
にこ	虹杏
にこ	虹琴
にこ	虹空
にこ	虹湖
にこ	虹胡
にこ	虹瑚
にこ	虹幸
にこ	虹香
にこ	虹子
にこ	虹笑
にこ	虹心
にこ	虹恋
にこ	虹來
にこ	日湖
にこ	日胡
にこ	日瑚
にこ	日光
にこ	日咲
にこ	日恋
にこ	日來
にこ	祢子
にこ	優笑
にこ	優心
にな	にな
にな	ニナ
にな	荷菜
にな	希菜
にな	彩愛
にな	似菜
にな	似奈
にな	児奈
にな	爾那
にな	爾捺
にな	掌
にな	笑和
にな	新菜
にな	新奈
にな	新那
にな	新南
にな	新和
にな	仁夏
にな	仁華
にな	仁菜
にな	仁七
にな	仁雛
にな	仁奈
にな	仁那
にな	仁凪
にな	仁捺
にな	仁南
にな	仁波
にな	仁名
にな	仁梛
にな	丹菜
にな	丹奈
にな	丹那
にな	丹南
にな	丹梛
にな	二な
にな	二菜
にな	二七
にな	二奈
にな	二那
にな	二凪
にな	二南
にな	二名
にな	二梛
にな	弐菜
にな	弐那
にな	虹愛
にな	虹花
にな	虹菜
にな	虹七
にな	虹渚
にな	虹奈
にな	虹那
にな	虹凪
にな	虹南
にな	虹梛
にな	日梛
にも	にも
にも	似最
にも	仁萌
にも	二百
にも	虹萌
ねいろ	宇彩
ねいろ	音依楼
ねいろ	音衣蕗
ねいろ	音彩
ねいろ	音色
ねいろ	寧依呂
ねいろ	寧彩
ねいろ	寧色
ねいろ	寧心
ねいろ	寧呂
ねいろ	寧炉
ねいろ	寧楼
のあ	のあ
のあ	ノア
のあ	愛杏
のあ	愛彩
のあ	穏愛
のあ	音杏
のあ	音彩
のあ	海愛
のあ	叶華
のあ	希葵
のあ	希絢
のあ	希綾
のあ	希杏
のあ	希羽
のあ	希結
のあ	希彩
のあ	希秋
のあ	希蒼
のあ	希天
のあ	希灯
のあ	希歩
のあ	希麻
のあ	希藍
のあ	祈愛
のあ	祈空
のあ	祈天
のあ	稀愛
のあ	紀杏
のあ	空詩
のあ	伸愛
のあ	星彩
のあ	聖杏
のあ	蒼愛
のあ	蒼欄
のあ	暖愛
のあ	暖逢
のあ	暖安
のあ	暖杏
のあ	暖空
のあ	暖歩
のあ	暢愛
のあ	暢昂
のあ	典杏
のあ	天空
のあ	展存
のあ	如愛
のあ	乃亜
のあ	乃娃
のあ	乃阿
のあ	乃愛
のあ	乃逢
のあ	乃葵
のあ	乃茜
のあ	乃梓
のあ	乃絢
のあ	乃綾
のあ	乃安
のあ	乃庵
のあ	乃杏
のあ	乃映
のあ	乃雅
のあ	乃海
のあ	乃空
のあ	乃紅
のあ	乃彩
のあ	乃秋
のあ	乃蒼
のあ	乃天
のあ	乃碧
のあ	乃麻
のあ	乃明
のあ	乃有
のあ	乃藍
のあ	乃晏
のあ	乃曖
のあ	乃綺
のあ	乃萊
のあ	之亜
のあ	之阿
のあ	之愛
のあ	之葵
のあ	之安
のあ	埜亜
のあ	埜娃
のあ	埜阿
のあ	埜愛
のあ	埜杏
のあ	埜空
のあ	埜昂
のあ	埜紅
のあ	埜合
のあ	埜和
のあ	能亜
のあ	能愛
のあ	能昂
のあ	能彩
のあ	望亜
のあ	望愛
のあ	望逢
のあ	望絢
のあ	望綾
のあ	望杏
のあ	望羽
のあ	望空
のあ	望結
のあ	望彩
のあ	望蒼
のあ	望暖
のあ	望碧
のあ	望明
のあ	夢空
のあ	野亜
のあ	野阿
のあ	野愛
のあ	野温
のあ	野明
のあ	野有
のあ	野晏
のえる	のえる
のえる	ノエル
のえる	音恵瑠
のえる	音彫
のえる	叶映星
のえる	希愛流
のえる	希愛瑠
のえる	希絵月
のえる	希恵琉
のえる	希恵瑠
のえる	祈聖
のえる	聖姫
のえる	聖夜
のえる	如愛瑠
のえる	乃愛流
のえる	乃愛琉
のえる	乃愛瑠
のえる	乃依琉
のえる	乃依瑠
のえる	乃衣琉
のえる	乃雲流
のえる	乃映瑠
のえる	乃栄瑠
のえる	乃永瑠
のえる	乃瑛留
のえる	乃瑛瑠
のえる	乃英琉
のえる	乃英瑠
のえる	乃絵琉
のえる	乃絵留
のえる	乃絵瑠
のえる	乃恵留
のえる	乃恵瑠
のえる	乃慧琉
のえる	乃咲琉
のえる	乃咲瑠
のえる	乃笑留
のえる	乃笑瑠
のえる	乃笑麗
のえる	乃彫
のえる	埜エ琉
のえる	埜笑瑠
のえる	碧流
のえる	望笑
のえる	望笑瑠
のえる	望琉
のえる	野絵留
のえる	野江瑠
のえる	野咲月
はいじ	羽衣路
はいじ	妃志
はいね	羽依音
はいね	羽衣音
はいね	羽稲
はいね	羽禾
はいね	華衣音
はいね	灰音
はいね	春衣音
はいね	波依音
はいね	梅音
はいね	妃音
はいね	妃寧
はいね	葉依子
はいね	葉衣音
はいね	葉稲
はんな	はんな
はんな	はん菜
はんな	はん奈
はんな	はん那
はんな	はん梛
はんな	ハンナ
はんな	花菜
はんな	花奈
はんな	華奈
はんな	華凪
はんな	阪奈
はんな	榛菜
はんな	晴麗
はんな	波菜
はんな	伴夏
はんな	伴菜
はんな	伴渚
はんな	伴奈
はんな	伴那
はんな	伴凪
はんな	伴南
はんな	伴名
はんな	伴和
はんな	半菜
はんな	半奈
はんな	半那
はんな	帆愛
はんな	帆央
はんな	帆夏
はんな	帆菜
はんな	帆七
はんな	帆樹
はんな	帆渚
はんな	帆水
はんな	帆生
はんな	帆奈
はんな	帆那
はんな	帆凪
はんな	帆南
はんな	帆波
はんな	帆名
はんな	帆来
はんな	帆路
はんな	帆和
はんな	帆來
はんな	帆梛
はんな	汎夏
はんな	汎菜
はんな	汎奈
はんな	汎那
はんな	班那
はんな	畔奈
はんな	繁菜
はんな	繁奈
はんな	範奈
はんな	磐那
はんな	絆杏
はんな	絆永
はんな	絆夏
はんな	絆花
はんな	絆茄
はんな	絆華
はんな	絆菜
はんな	絆七
はんな	絆渚
はんな	絆水
はんな	絆奈
はんな	絆那
はんな	絆凪
はんな	絆南
はんな	絆乃
はんな	絆納
はんな	絆名
はんな	絆和
はんな	絆來
はんな	絆梛
びあん	琵杏
びあん	美安
びあん	美杏
びあん	弥安
まいあ	まいあ
まいあ	真以阿
まいあ	真衣愛
まいあ	舞亜
まいあ	舞愛
まいあ	舞安
まいあ	舞衣亜
まいあ	舞空
まいあ	舞紅
まいあ	舞彩
まいあ	舞明
まいあ	麻依愛
まいあ	麻衣安
まいあ	毎愛
まいあ	苺亜
まいあ	苺愛
まいあ	苺杏
まいあ	苺明
まいあ	茉以逢
まいあ	茉依亜
まいあ	茉依愛
まりあ	まりあ
まりあ	マリア
まりあ	愛聖
まりあ	愛姫亜
まりあ	葵里愛
まりあ	鞠亜
まりあ	鞠娃
まりあ	鞠雅
まりあ	鞠朱
まりあ	鞠有
まりあ	鞠和
まりあ	坐理愛
まりあ	女神
まりあ	真愛
まりあ	真利亜
まりあ	真利愛
まりあ	真李愛
まりあ	真梨亜
まりあ	真梨阿
まりあ	真梨愛
まりあ	真理亜
まりあ	真理阿
まりあ	真理愛
まりあ	真理安
まりあ	真理杏
まりあ	真理彩
まりあ	真理有
まりあ	真理和
まりあ	真璃亜
まりあ	真璃愛
まりあ	真璃空
まりあ	真里亜
まりあ	真里愛
まりあ	真里亞
まりあ	真凛愛
まりあ	真莉亜
まりあ	真莉愛
まりあ	真莉明
まりあ	真莉有
まりあ	聖愛
まりあ	聖姫
まりあ	聖母
まりあ	舞李亜
まりあ	舞梨愛
まりあ	舞璃愛
まりあ	舞璃杏
まりあ	舞里愛
まりあ	舞里彩
まりあ	舞莉亜
まりあ	舞莉愛
まりあ	舞莉明
まりあ	摩梨亜
まりあ	磨梨亜
まりあ	磨莉愛
まりあ	魔里亜
まりあ	麻利亜
まりあ	麻梨亜
まりあ	麻梨愛
まりあ	麻理亜
まりあ	麻理愛
まりあ	麻璃亜
まりあ	麻璃愛
まりあ	麻里亜
まりあ	麻里愛
まりあ	麻里安
まりあ	麻里杏
まりあ	麻里彩
まりあ	麻里明
まりあ	麻里有
まりあ	麻里亞
まりあ	麻莉亜
まりあ	麻莉愛
まりあ	麻莉明
まりあ	麻凜愛
まりあ	末梨明
まりあ	万吏亜
まりあ	万梨亜
まりあ	万梨阿
まりあ	万梨愛
まりあ	万理亜
まりあ	万理愛
まりあ	万里亜
まりあ	万里愛
まりあ	万里彩
まりあ	万莉愛
まりあ	万莉明
まりあ	満理愛
まりあ	満里亜
まりあ	満里愛
まりあ	満莉愛
まりあ	未莉愛
まりあ	麗梨愛
まりあ	毬亜
まりあ	毬娃
まりあ	毬愛
まりあ	眞理亜
まりあ	眞里愛
まりあ	眞莉亜
まりあ	眞莉愛
まりあ	眞莉明
まりあ	茉利亜
まりあ	茉吏愛
まりあ	茉李明
まりあ	茉梨亜
まりあ	茉理亜
まりあ	茉理愛
まりあ	茉理合
まりあ	茉璃亜
まりあ	茉璃愛
まりあ	茉璃彩
まりあ	茉里亜
まりあ	茉里愛
まりあ	茉凛愛
まりあ	茉莉亜
まりあ	茉莉愛
まりあ	茉莉彩
まりあ	茉莉明
まりあ	茉凜愛
まりい	まりい
まりい	愛梨依
まりい	丸伊
まりい	丸依
まりい	丸維
まりい	丸衣
まりい	鞠以
まりい	鞠伊
まりい	鞠依
まりい	鞠維
まりい	鞠衣
まりい	鞠唯
まりい	真李衣
まりい	真梨依
まりい	真梨衣
まりい	真理依
まりい	真理衣
まりい	真里衣
まりい	真里唯
まりい	真莉衣
まりい	真莉唯
まりい	舞梨衣
まりい	舞理依
まりい	麻梨唯
まりい	麻里伊
まりい	麻里依
まりい	麻里衣
まりい	麻莉伊
まりい	万里伊
まりい	万里衣
まりい	万里唯
まりい	万琳衣
まりい	茉利衣
まりい	茉梨衣
まりい	茉里依
まりい	茉里衣
まりい	茉莉依
まりい	茉莉衣
まろん	まろん
まろん	真露音
まろん	真論
まろん	舞乱
まろん	万論
みいな	みいな
みいな	海依菜
みいな	海依名
みいな	海維南
みいな	海衣菜
みいな	海生奈
みいな	海唯菜
みいな	海唯奈
みいな	光依菜
みいな	光依奈
みいな	光依那
みいな	光衣菜
みいな	三一七
みいな	三生那
みいな	実伊和
みいな	実依菜
みいな	実依奈
みいな	実依那
みいな	実惟那
みいな	実衣夏
みいな	実衣菜
みいな	実衣奈
みいな	実衣那
みいな	実衣凪
みいな	実衣南
みいな	実衣名
みいな	実稲
みいな	実渚
みいな	実那
みいな	実唯菜
みいな	実唯七
みいな	心依菜
みいな	心衣菜
みいな	心衣奈
みいな	心一奈
みいな	心一那
みいな	心菜
みいな	心唯那
みいな	心唯和
みいな	心絆
みいな	聖唯奈
みいな	南衣凪
みいな	南唯菜
みいな	美々愛
みいな	美々奈
みいな	美以菜
みいな	美以奈
みいな	美以那
みいな	美以凪
みいな	美以南
みいな	美伊菜
みいな	美伊奈
みいな	美伊那
みいな	美位菜
みいな	美依菜
みいな	美依渚
みいな	美依成
みいな	美依奈
みいな	美依那
みいな	美依南
みいな	美依波
みいな	美惟那
みいな	美維菜
みいな	美維奈
みいな	美維薙
みいな	美衣菜
みいな	美衣成
みいな	美衣奈
みいな	美衣那
みいな	美衣凪
みいな	美衣南
みいな	美衣名
みいな	美井奈
みいな	美一凪
みいな	美稲
みいな	美好愛
みいな	美菜
みいな	美生菜
みいな	美生奈
みいな	美唯菜
みいな	美唯奈
みいな	美唯那
みいな	美唯捺
みいな	美唯名
みいな	美唯和
みいな	美已南
みいな	碧捺
みいな	未依愛
みいな	未依菜
みいな	未依奈
みいな	未依那
みいな	未衣菜
みいな	未衣奈
みいな	未唯菜
みいな	未唯奈
みいな	未唯那
みいな	未唯南
みいな	未唯鳴
みいな	未唯和
みいな	魅衣菜
みいな	魅菜
みいな	明菜
みいな	明奈
みいな	弥依菜
みいな	弥衣菜
みいな	弥唯菜
みいな	弥唯梛
みいな	澪奈
みにい	みにい
みにい	三二一
みにい	実新
みにい	実仁依
みにい	美新
みにい	美仁
みにい	美仁伊
みにい	美仁衣
みにい	美虹
みにい	望似依
みにい	望新
みにい	未新
みらの	みらの
みらの	鏡乃
みらの	実羅乃
みらの	実来乃
みらの	聖音
みらの	美羅乃
みらの	美藍乃
みらの	美蘭乃
みらの	美良音
みらの	美良乃
みらの	美良野
みらの	未楽乃
みらの	未羅乃
みらの	未来希
みらの	未来空
みらの	未来乃
みらの	未来望
みらの	未來乃
みりあ	みりあ
みりあ	みり亜
みりあ	みり愛
みりあ	みり彩
みりあ	海愛
みりあ	海梨愛
みりあ	海璃愛
みりあ	海里空
みりあ	海莉愛
みりあ	実愛
みりあ	実浬愛
みりあ	実梨愛
みりあ	実良愛
みりあ	実莉亜
みりあ	実莉愛
みりあ	実莉彩
みりあ	珠梨亜
みりあ	珠璃愛
みりあ	充梨亜
みりあ	心李愛
みりあ	心璃愛
みりあ	心里愛
みりあ	心莉愛
みりあ	聖里亜
みりあ	美利亜
みりあ	美利阿
みりあ	美吏愛
みりあ	美李亜
みりあ	美李愛
みりあ	美梨亜
みりあ	美梨愛
みりあ	美梨杏
みりあ	美梨空
みりあ	美理愛
みりあ	美璃亜
みりあ	美璃愛
みりあ	美璃空
みりあ	美里亜
みりあ	美里愛
みりあ	美里安
みりあ	美里空
みりあ	美琉愛
みりあ	美涼愛
みりあ	美麗娃
みりあ	美麗愛
みりあ	美俐亜
みりあ	美俐愛
みりあ	美凛愛
みりあ	美凛空
みりあ	美莉亜
みりあ	美莉愛
みりあ	美莉空
みりあ	美莉彩
みりあ	美凜彩
みりあ	満梨空
みりあ	未梨亜
みりあ	未璃愛
みりあ	未里亜
みりあ	未里愛
みりあ	未莉亜
みりあ	未莉愛
みりあ	未莉安
みりあ	未莉明
みりあ	魅莉愛
みりあ	巳利亜
みりあ	弥利愛
みりい	みりい
みりい	海璃依
みりい	光俐依
みりい	実里依
みりい	実莉依
みりい	心梨衣
みりい	心莉衣
みりい	心莉唯
みりい	美李衣
みりい	美梨衣
みりい	美璃依
みりい	美里伊
みりい	美里衣
みりい	美莉依
みるく	みるく
みるく	ミルク
みるく	観玖
みるく	観紅
みるく	観琉玖
みるく	実紅
みるく	実流空
みるく	実琉久
みるく	実留久
みるく	実留玖
みるく	実瑠久
みるく	実瑠玖
みるく	実瑠空
みるく	美月空
みるく	美紅
みるく	美流空
みるく	美流紅
みるく	美流來
みるく	美溜紅
みるく	美琉久
みるく	美琉玖
みるく	美留空
みるく	美留紅
みるく	美留来
みるく	美瑠久
みるく	美瑠句
みるく	美瑠玖
みるく	美瑠紅
みるく	美瑠来
みるく	未流玖
みるく	未琉久
みるく	未留来
みるく	未瑠久
みるく	未瑠玖
みるく	未瑠空
みるく	未瑠工
みるく	未瑠紅
みるく	未瑠来
みるく	未瑠來
みるく	魅瑠玖
みるく	魅瑠紅
めあり	めあり
めあり	メアリ
めあり	愛亜梨
めあり	愛亜里
めあり	愛愛麗
めあり	愛杏音
めあり	愛空莉
めあり	愛彩莉
めあり	愛存
めあり	愛有
めあり	芽亜梨
めあり	芽亜里
めあり	芽亜凛
めあり	芽亜莉
めあり	芽愛哩
めあり	芽愛利
めあり	芽愛梨
めあり	芽愛理
めあり	芽愛里
めあり	芽愛凛
めあり	芽愛莉
めあり	芽安里
めあり	芽彩莉
めあり	芽存
めあり	芽有
めあり	恵有
めあり	萌亜梨
めあり	萌愛梨
めあり	萌愛麗
めあり	萌愛凛
めあり	萌杏利
めあり	萌杏梨
めあり	萌順
めあり	夢愛音
めあり	夢彩里
めあり	夢有
めあり	明亜莉
めあり	明愛梨
めあり	明愛璃
めあり	明愛莉
めあり	明有
めいあ	めいあ
めいあ	芽亜
めいあ	芽愛
めいあ	芽逢
めいあ	芽綾
めいあ	芽杏
めいあ	芽依愛
めいあ	結愛
めいあ	萌衣愛
めいあ	明愛
めろん	めろん
めろん	愛論
めろん	芽倫
めろん	萌音
もか	もか
もか	モカ
もか	モナ
もか	愛加
もか	杏栞
もか	雲華
もか	雲馨
もか	雲椛
もか	花華
もか	椛佳
もか	椛加
もか	椛果
もか	椛歌
もか	椛香
もか	最香
もか	最奏
もか	守架
もか	守華
もか	心花
もか	藻茄
もか	桃佳
もか	桃加
もか	桃夏
もか	桃果
もか	桃禾
もか	桃花
もか	桃華
もか	桃叶
もか	桃香
もか	如香
もか	百愛
もか	百郁
もか	百伽
もか	百佳
もか	百加
もか	百夏
もか	百果
もか	百歌
もか	百花
もか	百茄
もか	百華
もか	百叶
もか	百香
もか	百栞
もか	百珈
もか	文奏
もか	保夏
もか	母夏
もか	萌伽
もか	萌佳
もか	萌加
もか	萌可
もか	萌嘉
もか	萌夏
もか	萌果
もか	萌架
もか	萌歌
もか	萌河
もか	萌珂
もか	萌禾
もか	萌花
もか	萌華
もか	萌嘩
もか	萌賀
もか	萌叶
もか	萌椛
もか	萌樺
もか	萌香
もか	萌心
もか	萌日
もか	萌楓
もか	萌耶
もか	萌栞
もか	萌珈
もか	望加
もか	望歌
もか	望花
もか	望叶
もか	模伽
もか	模花
もか	茂花
もか	茂香
もか	木香
もか	李花
もか	苺佳
もか	苺夏
もか	苺果
もか	苺禾
もか	苺花
もか	苺華
もか	苺迦
もか	苺叶
もか	苺樺
もか	苺香
もか	苺和
もか	苺珈
もか	萠加
もか	萠夏
もか	萠花
もか	萠華
もか	萠椛
もか	萠香
もか	萠栞
もにか	もにか
もにか	愛虹華
もにか	最仁奏
もにか	最二華
もにか	桃仁架
もにか	桃仁花
もにか	桃仁香
もにか	百仁花
もにか	百仁華
もにか	百仁香
もにか	百虹架
もにか	萌新花
もにか	萌仁果
もにか	萌仁歌
もにか	萌仁花
もにか	萌仁華
もにか	萌仁海
もにか	萌仁香
もにか	萌仁奏
もにか	萌日香
もにか	望仁花
もにか	望仁香
もにか	茂仁香
もにか	孟二加
もね	もね
もね	モネ
もね	光優
もね	最音
もね	若音
もね	桃音
もね	桃禰
もね	桃寧
もね	如音
もね	百音
もね	百子
もね	百祢
もね	百寧
もね	百福
もね	百峰
もね	百嶺
もね	萌音
もね	萌根
もね	萌子
もね	萌祢
もね	萌寧
もね	萌福
もね	望音
もね	望祢
もね	茂寧
もね	苺音
もね	苺直
もね	萠音
もね	萠禰
もね	萠寧
ゆりあ	ゆりあ
ゆりあ	ゆり愛
ゆりあ	ユリア
ゆりあ	結愛
ゆりあ	結李亜
ゆりあ	結李愛
ゆりあ	結梨亜
ゆりあ	結梨愛
ゆりあ	結理亜
ゆりあ	結理愛
ゆりあ	結璃愛
ゆりあ	結里亜
ゆりあ	結里愛
ゆりあ	結里安
ゆりあ	結里明
ゆりあ	結莉亜
ゆりあ	結莉愛
ゆりあ	結莉空
ゆりあ	結莉彩
ゆりあ	純愛
ゆりあ	妃里亜
ゆりあ	妃里愛
ゆりあ	百合亜
ゆりあ	百合愛
ゆりあ	百合杏
ゆりあ	百合彩
ゆりあ	百合碧
ゆりあ	百合歩
ゆりあ	百梨亜
ゆりあ	百麗有
ゆりあ	夢利愛
ゆりあ	夢梨愛
ゆりあ	夢璃愛
ゆりあ	夢璃曖
ゆりあ	夢里彩
ゆりあ	夢莉愛
ゆりあ	夢莉空
ゆりあ	愉璃愛
ゆりあ	愉里愛
ゆりあ	癒里愛
ゆりあ	佑梨亜
ゆりあ	佑莉亜
ゆりあ	優利愛
ゆりあ	優利杏
ゆりあ	優李愛
ゆりあ	優梨亜
ゆりあ	優梨阿
ゆりあ	優梨愛
ゆりあ	優梨杏
ゆりあ	優梨合
ゆりあ	優梨遭
ゆりあ	優理亜
ゆりあ	優理愛
ゆりあ	優璃亜
ゆりあ	優璃愛
ゆりあ	優里亜
ゆりあ	優里愛
ゆりあ	優里杏
ゆりあ	優里彩
ゆりあ	優里有
ゆりあ	優麗愛
ゆりあ	優俐愛
ゆりあ	優凛愛
ゆりあ	優莉亜
ゆりあ	優莉愛
ゆりあ	優莉彩
ゆりあ	優莉和
ゆりあ	友利亜
ゆりあ	友利愛
ゆりあ	友李亜
ゆりあ	友梨亜
ゆりあ	友梨愛
ゆりあ	友梨空
ゆりあ	友梨彩
ゆりあ	友理亜
ゆりあ	友理愛
ゆりあ	友理彩
ゆりあ	友璃愛
ゆりあ	友璃杏
ゆりあ	友里亜
ゆりあ	友里阿
ゆりあ	友里愛
ゆりあ	友里安
ゆりあ	友里彩
ゆりあ	友俐亜
ゆりあ	友莉亜
ゆりあ	友莉愛
ゆりあ	友莉杏
ゆりあ	悠吏亜
ゆりあ	悠吏阿
ゆりあ	悠梨彩
ゆりあ	悠璃愛
ゆりあ	悠里亜
ゆりあ	悠里愛
ゆりあ	悠里合
ゆりあ	悠里彩
ゆりあ	悠莉亜
ゆりあ	有利亜
ゆりあ	有利亞
ゆりあ	有李彩
ゆりあ	有梨亜
ゆりあ	有理亜
ゆりあ	有里亜
ゆりあ	有里愛
ゆりあ	有里彩
ゆりあ	有莉亜
ゆりあ	柚梨亜
ゆりあ	柚梨愛
ゆりあ	柚莉愛
ゆりあ	柚莉杏
ゆりあ	柚莉夢
ゆりあ	柚莉明
ゆりあ	由利亜
ゆりあ	由利愛
ゆりあ	由利雅
ゆりあ	由梨亜
ゆりあ	由梨愛
ゆりあ	由理亜
ゆりあ	由里愛
ゆりあ	由里彩
ゆりあ	由里有
ゆりあ	由鈴亜
ゆりあ	由鈴杏
ゆりあ	由麗亜
ゆりあ	由麗愛
ゆりあ	由凛亜
ゆりあ	由莉亜
ゆりあ	由莉愛
ゆりあ	由莉杏
ゆりあ	祐李亜
ゆりあ	祐梨空
ゆりあ	祐里亜
ゆりあ	祐里愛
ゆりあ	祐里彩
ゆりあ	祐莉愛
ゆりあ	裕愛
ゆりあ	裕利愛
ゆりあ	裕梨愛
ゆりあ	裕里亜
ゆりあ	裕里愛
ゆりあ	裕莉愛
ゆりあ	遊利愛
ゆりあ	遊里愛
ゆりあ	夕梨亜
ゆりあ	夕梨愛
ゆりあ	夕里彩
ゆりあ	夕莉亜
ゆりあ	夕莉愛
ゆりあ	夕莉安
ゆりあ	夕莉杏
ゆりあ	夕莉空
ゆりあ	夕莉彩
ゆりあ	夕莉明
ゆりあ	夕莉有
ゆりあ	侑梨愛
ゆりあ	侑梨彩
ゆりあ	侑里愛
ゆりあ	侑里茜
ゆりあ	侑莉亜
らいな	らいな
らいな	楽衣菜
らいな	楽衣奈
らいな	楽衣那
らいな	楽衣名
らいな	羅衣菜
らいな	来永
らいな	来夏
らいな	来菜
らいな	来七
らいな	来渚
らいな	来奈
らいな	来那
らいな	来納
らいな	来名
らいな	頼菜
らいな	頼奈
らいな	頼那
らいな	蘭唯菜
らいな	良生奈
らいな	礼菜
らいな	礼奈
らいな	礼捺
らいな	來夏
らいな	來菜
らいな	來渚
らいな	來奈
らいな	來那
らいな	來名
らいな	來梛
らいな	徠愛
らいな	徠奈
らいな	徠那
らいな	蕾菜
らいな	蕾奈
らいな	蕾名
らぶ	愛撫
らぶ	愛舞
らぶ	愛歩
らぶ	楽歩
らぶ	萌愛
らぶ	羅生
らぶ	羅撫
らぶ	羅舞
らぶ	羅歩
らぶ	蘭舞
らむ	らむ
らむ	ラム
らむ	愛睦
らむ	楽舞
らむ	楽夢
らむ	空夢
らむ	咲夢
らむ	桜夢
らむ	羅結
らむ	羅武
らむ	羅舞
らむ	羅夢
らむ	来向
らむ	来望
らむ	雷夢
らむ	蘭舞
らむ	蘭夢
らむ	良歩
らむ	良夢
らむ	礼夢
らむ	麗結
らむ	麗夢
らむ	來彩
らむ	來心
らむ	來舞
らら	らら
らら	ララ
らら	愛々
らら	愛羅
らら	愛礼
らら	愛麗
らら	愛來
らら	愛徠
らら	歌愛
らら	歌星
らら	楽々
らら	楽羅
らら	楽来
らら	楽良
らら	楽麗
らら	空詩
らら	月麗
らら	桜々
らら	朱星
らら	心潤
らら	星々
らら	星姫
らら	夢姫
らら	誉果
らら	羅々
らら	羅愛
らら	羅羅
らら	羅螺
らら	羅来
らら	羅良
らら	来々
らら	来桜
らら	来蘭
らら	欄咲
らら	蘭々
らら	蘭英
らら	蘭楽
らら	蘭空
らら	蘭来
らら	蘭良
らら	良々
らら	良羅
らら	良蘭
らら	礼々
らら	麗々
らら	麗楽
らら	麗空
らら	麗桜
らら	麗羅
らら	來々
らら	來桜
らら	樂々
らら	樂來
らら	禮藍
らら	蕾々
らんか	らんか
らんか	乱花
らんか	欄夏
らんか	藍佳
らんか	藍夏
らんか	藍架
らんか	藍歌
らんか	藍花
らんか	藍華
らんか	藍嘩
らんか	藍椛
らんか	藍香
らんか	藍蘭
らんか	蘭佳
らんか	蘭加
らんか	蘭可
らんか	蘭嘉
らんか	蘭夏
らんか	蘭果
らんか	蘭歌
らんか	蘭禾
らんか	蘭花
らんか	蘭華
らんか	蘭叶
らんか	蘭香
らんか	蘭日
らんか	蘭楓
りあな	りあな
りあな	りあ菜
りあな	りあ奈
りあな	リアナ
りあな	浬愛菜
りあな	織愛和
りあな	利亜那
りあな	利愛菜
りあな	李亜菜
りあな	李亜奈
りあな	李亜那
りあな	李亜名
りあな	李愛菜
りあな	李愛奈
りあな	李愛那
りあな	李愛凪
りあな	李愛南
りあな	李杏菜
りあな	李杏奈
りあな	李杏那
りあな	梨亜菜
りあな	梨亜奈
りあな	梨亜那
りあな	梨愛菜
りあな	梨愛奈
りあな	梨愛那
りあな	梨愛南
りあな	梨愛楠
りあな	梨杏菜
りあな	梨杏奈
りあな	梨杏那
りあな	梨明那
りあな	理愛菜
りあな	理愛奈
りあな	璃亜菜
りあな	璃亜奈
りあな	璃亜那
りあな	璃愛己
りあな	璃愛菜
りあな	璃愛奈
りあな	璃愛那
りあな	璃愛南
りあな	璃葵菜
りあな	璃杏菜
りあな	璃杏奈
りあな	璃杏那
りあな	璃空
りあな	璃彩菜
りあな	裡愛菜
りあな	里亜菜
りあな	里亜奈
りあな	里亜那
りあな	里愛菜
りあな	里愛奈
りあな	里愛那
りあな	里杏菜
りあな	里杏奈
りあな	里杏那
りあな	鈴亜菜
りあな	鈴亜奈
りあな	鈴亜那
りあな	鈴愛菜
りあな	鈴愛奈
りあな	鈴愛那
りあな	鈴杏菜
りあな	鈴杏奈
りあな	鈴杏那
りあな	俐愛菜
りあな	凛亜菜
りあな	凛亜奈
りあな	凛亜那
りあな	凛亜凪
りあな	凛愛菜
りあな	凛愛奈
りあな	凛愛那
りあな	凛愛凪
りあな	凛愛南
りあな	凛杏菜
りあな	凛杏奈
りあな	凛杏那
りあな	凛孔
りあな	莉亜菜
りあな	莉亜奈
りあな	莉亜那
りあな	莉亜凪
りあな	莉愛夏
りあな	莉愛菜
りあな	莉愛雫
りあな	莉愛奈
りあな	莉愛那
りあな	莉愛凪
りあな	莉杏菜
りあな	莉杏奈
りあな	莉杏那
りあな	莉空
りあな	莉空凪
りあな	莉彩奈
りあな	莉彩那
りあな	莉明凪
りあな	莉有南
りあな	黎愛菜
りあな	凜亜菜
りあな	凜亜奈
りあな	凜亜那
りあな	凜愛菜
りあな	凜愛奈
りあな	凜愛那
りあな	凜愛南
りあな	凜杏菜
りあな	凜杏奈
りあな	凜杏那
りあら	りあら
りあら	姫愛
りあら	姫愛星
りあら	利亜羅
りあら	李愛羅
りあら	梨亜来
りあら	梨愛姫
りあら	梨愛来
りあら	梨愛良
りあら	梨露
りあら	梨煌
りあら	理新
りあら	璃亜良
りあら	璃愛空
りあら	璃愛羅
りあら	璃愛来
りあら	璃愛蘭
りあら	璃愛來
りあら	璃晏羅
りあら	里愛良
りあら	凌愛
りあら	瑠愛來
りあら	麗愛來
りあら	凛愛來
りあら	莉亜羅
りあら	莉亜来
りあら	莉亜良
りあら	莉亜來
りあら	莉愛羅
りあら	莉愛蘭
りあら	莉愛來
りあら	莉愛徠
りあら	莉明良
りあら	凜良
りい	りい
りい	利伊
りい	利衣
りい	利唯
りい	李伊
りい	李依
りい	李緯
りい	李衣
りい	李唯
りい	梨愛
りい	梨以
りい	梨伊
りい	梨依
りい	梨惟
りい	梨維
りい	梨衣
りい	梨唯
りい	理以
りい	理伊
りい	理依
りい	理衣
りい	璃依
りい	璃衣
りい	璃一
りい	璃唯
りい	里伊
りい	里依
りい	里惟
りい	里維
りい	里衣
りい	里唯
りい	鈴衣
りい	凛依
りい	凛衣
りい	凛泉
りい	凛唯
りい	莉以
りい	莉依
りい	莉偉
りい	莉惟
りい	莉維
りい	莉衣
りい	莉妃
りい	莉斐
りい	莉唯
りい	凜衣
りい	凜唯
りいな	りいな
りいな	浬衣奈
りいな	利依奈
りいな	利維奈
りいな	吏依菜
りいな	吏衣菜
りいな	李依奈
りいな	李依那
りいな	李衣菜
りいな	李衣奈
りいな	李生菜
りいな	李奈
りいな	梨以奈
りいな	梨依菜
りいな	梨依奈
りいな	梨維奈
りいな	梨衣菜
りいな	梨衣奈
りいな	梨衣那
りいな	梨衣南
りいな	梨衣名
りいな	梨花
りいな	梨生菜
りいな	梨生奈
りいな	梨奈
りいな	梨唯菜
りいな	梨唯南
りいな	理依菜
りいな	理依奈
りいな	理惟奈
りいな	理維奈
りいな	理衣奈
りいな	理衣那
りいな	理衣名
りいな	理那
りいな	理唯菜
りいな	理唯梛
りいな	璃以菜
りいな	璃以那
りいな	璃依菜
りいな	璃依那
りいな	璃維奈
りいな	璃衣菜
りいな	璃衣奈
りいな	璃衣那
りいな	璃生菜
りいな	璃唯奈
りいな	里依菜
りいな	里依奈
りいな	里依那
りいな	里依南
りいな	里維奈
りいな	里衣菜
りいな	里衣渚
りいな	里衣奈
りいな	里衣那
りいな	里衣梛
りいな	鈴伊那
りいな	鈴虹
りいな	俐依那
りいな	俐衣奈
りいな	凛依菜
りいな	凛依奈
りいな	凛依南
りいな	凛依和
りいな	凛衣菜
りいな	凛生菜
りいな	莉以奈
りいな	莉以那
りいな	莉以凪
りいな	莉伊奈
りいな	莉依菜
りいな	莉依奈
りいな	莉依那
りいな	莉依凪
りいな	莉依名
りいな	莉依梛
りいな	莉維奈
りいな	莉衣菜
りいな	莉衣奈
りいな	莉衣那
りいな	莉一奈
りいな	莉禾夏
りいな	莉禾南
りいな	莉凪
りいな	莉唯夏
りいな	莉唯菜
りいな	莉唯奈
りいな	莉唯凪
りいな	凜依那
りいな	凜衣菜
りえる	りえる
りえる	利英瑠
りえる	利絵瑠
りえる	利恵留
りえる	利恵瑠
りえる	利得
りえる	吏得
りえる	李依琉
りえる	李慧流
りえる	李慧琉
りえる	李枝留
りえる	李枝瑠
りえる	李得
りえる	梨衣瑠
りえる	梨瑛瑠
りえる	梨絵瑠
りえる	梨恵琉
りえる	梨恵留
りえる	梨恵瑠
りえる	梨笑瑠
りえる	梨得
りえる	梨惠瑠
りえる	理恵琉
りえる	理恵留
りえる	理恵瑠
りえる	理得
りえる	璃依流
りえる	璃依琉
りえる	璃衣琉
りえる	里衣琉
りえる	里英琉
りえる	里絵琉
りえる	里絵瑠
りえる	里得
りえる	凛英瑠
りえる	凛絵流
りえる	凛恵瑠
りえる	莉依瑠
りえる	莉衣琉
りえる	莉絵瑠
りえる	莉恵留
りえる	莉江留
りえる	莉江瑠
りえる	莉笑琉
りえる	莉笑瑠
りえる	莉得
りえる	莉瑠
りのあ	りのあ
りのあ	リノア
りのあ	織乃彩
りのあ	利乃亜
りのあ	利乃愛
りのあ	利乃彩
りのあ	李心杏
りのあ	李乃亜
りのあ	李乃愛
りのあ	梨ノ愛
りのあ	梨愛
りのあ	梨希空
りのあ	梨乃亜
りのあ	梨乃愛
りのあ	梨乃杏
りのあ	梨乃彩
りのあ	梨乃明
りのあ	理ノ愛
りのあ	理心愛
りのあ	理乃亜
りのあ	理乃愛
りのあ	理乃空
りのあ	理乃彩
りのあ	璃希愛
りのあ	璃結愛
りのあ	璃乃亜
りのあ	璃乃愛
りのあ	璃乃彩
りのあ	里ノ愛
りのあ	里乃亜
りのあ	里乃愛
りのあ	里乃朱
りのあ	涼愛
りのあ	倫乃愛
りのあ	俐乃愛
りのあ	凛空
りのあ	凛乃愛
りのあ	莉ノ亜
りのあ	莉ノ愛
りのあ	莉ノ綾
りのあ	莉音愛
りのあ	莉叶
りのあ	莉希亜
りのあ	莉空
りのあ	莉彩
りのあ	莉乃亜
りのあ	莉乃愛
りのあ	莉乃杏
りのあ	莉乃空
りのあ	莉乃彩
りのあ	莉乃碧
りのあ	凜愛
りのあ	凜杏
りのあ	凜音愛
りのあ	凜乃杏
りのあ	凜乃彩
りりあ	りりあ
りりあ	りり彩
りりあ	リリア
りりあ	葵愛
りりあ	浬利安
りりあ	浬里安
りりあ	浬莉彩
りりあ	織莉亜
りりあ	星海愛
りりあ	利々亜
りりあ	利々愛
りりあ	利璃亜
りりあ	利里安
りりあ	利里彩
りりあ	吏理亜
りりあ	吏莉有
りりあ	李々亜
りりあ	李々愛
りりあ	李々安
りりあ	李々杏
りりあ	李々空
りりあ	李々昂
りりあ	李梨亜
りりあ	李理愛
りりあ	李里愛
りりあ	李莉亜
りりあ	李莉愛
りりあ	梨々亜
りりあ	梨々愛
りりあ	梨々安
りりあ	梨々彩
りりあ	梨々有
りりあ	梨愛
りりあ	梨利亜
りりあ	梨李愛
りりあ	梨梨亜
りりあ	梨璃亜
りりあ	梨璃愛
りりあ	梨里亜
りりあ	梨里愛
りりあ	梨里杏
りりあ	梨里彩
りりあ	梨麗愛
りりあ	梨凛亜
りりあ	梨凛愛
りりあ	梨莉愛
りりあ	理々亜
りりあ	理々愛
りりあ	理々明
りりあ	理梨亜
りりあ	理莉愛
りりあ	理莉空
りりあ	璃々亜
りりあ	璃々愛
りりあ	璃々杏
りりあ	璃々彩
りりあ	璃利亜
りりあ	璃梨愛
りりあ	璃理亜
りりあ	璃理愛
りりあ	璃里亜
りりあ	璃莉亜
りりあ	璃莉愛
りりあ	璃莉空
りりあ	璃莉彩
りりあ	里々娃
りりあ	里々愛
りりあ	里々彩
りりあ	里梨愛
りりあ	里莉亜
りりあ	里莉愛
りりあ	里莉彩
りりあ	凌葵
りりあ	琳里愛
りりあ	麗々愛
りりあ	麗々空
りりあ	凛々亜
りりあ	凛々愛
りりあ	凛々杏
りりあ	凛々彩
りりあ	凛朱
りりあ	凛利亜
りりあ	凛利亞
りりあ	凛梨愛
りりあ	凛璃杏
りりあ	凛里愛
りりあ	凛里彩
りりあ	凛麗愛
りりあ	凛莉愛
りりあ	凛莉彩
りりあ	苺愛
りりあ	莉々亜
りりあ	莉々阿
りりあ	莉々愛
りりあ	莉々安
りりあ	莉々杏
りりあ	莉々空
りりあ	莉々彩
りりあ	莉々明
りりあ	莉々有
りりあ	莉浬愛
りりあ	莉朱
りりあ	莉利愛
りりあ	莉利彩
りりあ	莉理愛
りりあ	莉理安
りりあ	莉理空
りりあ	莉理有
りりあ	莉璃亜
りりあ	莉璃愛
りりあ	莉璃杏
りりあ	莉璃歩
りりあ	莉璃明
りりあ	莉里亜
りりあ	莉里愛
りりあ	莉里安
りりあ	莉里杏
りりあ	莉里空
りりあ	莉里彩
りりあ	莉里明
りりあ	莉里有
りりあ	莉麗愛
りりあ	莉凛愛
りりあ	莉莉愛
りりあ	凜々亜
りりあ	凜々愛
りりあ	凜々彩
りりあ	凜璃杏
りりあ	凜莉愛
りりい	りりい
りりい	リリイ
りりい	李々衣
りりい	李々唯
りりい	李里衣
りりい	梨々衣
りりい	梨利衣
りりい	梨里依
りりい	梨里衣
りりい	梨里李
りりい	梨莉李
りりい	理々依
りりい	理利衣
りりい	理梨衣
りりい	璃々依
りりい	璃々衣
りりい	璃莉
りりい	璃莉衣
りりい	里梨衣
りりい	凛々依
りりい	凛々惟
りりい	凛々衣
りりい	凛々生
りりい	凛里依
りりい	凛莉依
りりい	莉々伊
りりい	莉々依
りりい	莉々衣
りりい	莉々生
りりい	莉利衣
りりい	莉李依
りりい	莉李唯
りりい	莉梨依
りりい	莉理衣
りりい	莉璃依
りりい	莉璃衣
りりい	莉里
りりい	莉里依
りりい	莉里衣
りりい	莉麗衣
りりい	凜々依
りりい	凜々衣
りりい	凜々生
りりい	凜梨依
るあん	るあん
るあん	月杏
るあん	心杏
るあん	姫杏心
るあん	琉安
るあん	琉杏
るあん	留杏
るあん	瑠杏
るあん	瑠晏
るうあ	美優愛
るうあ	流宇亜
るうあ	流羽愛
るうあ	流優亜
るうあ	流優愛
るうあ	流侑愛
るうあ	琉羽亜
るうあ	琉羽愛
るうあ	琉羽空
るうあ	琉姫
るうあ	瑠宇亜
るうあ	瑠羽亜
るうあ	瑠羽愛
るうか	月卯歌
るうか	月唄歌
るうか	流宇佳
るうか	琉羽花
るうか	琉羽華
るうか	琉佑香
るうか	琉優華
るうか	琉有花
るうか	留宇加
るうか	瑠羽花
るうか	瑠羽華
るうか	瑠羽香
るうか	瑠卯香
るうか	瑠優香
るうか	瑠有花
るうな	月菜
るうな	流菜
るうな	琉羽菜
るうな	琉羽奈
るうな	琉羽那
るうな	琉羽名
るうな	琉月
るうな	琉菜
るうな	琉生菜
るうな	琉生那
るうな	琉憂奈
るうな	琉有菜
るうな	琉有奈
るうな	琉有那
るうな	留羽奈
るうな	留宥菜
るうな	瑠宇菜
るうな	瑠宇奈
るうな	瑠宇那
るうな	瑠羽夏
るうな	瑠羽菜
るうな	瑠羽奈
るうな	瑠羽那
るうな	瑠羽南
るうな	瑠月奈
るうな	瑠潤奈
るうな	瑠有菜
るうな	瑠有奈
るうな	瑠有那
るうり	流雨梨
るうり	流卯里
るうり	流璃
るうり	瑠羽梨
るうり	瑠佑李
るきな	月輝愛
るきな	琉希夏
るきな	琉希菜
るきな	琉希奈
るきな	琉希那
るきな	琉希凪
るきな	琉希南
るきな	琉希梛
るきな	琉輝夏
るきな	琉輝菜
るきな	琉輝奈
るきな	琉輝那
るきな	琉輝南
るきな	琉輝梛
るきな	琉樹菜
るきな	琉樹那
るきな	琉綺那
るきな	留希名
るきな	留紀夏
るきな	留紀菜
るきな	留紀奈
るきな	留紀那
るきな	留紀南
るきな	留紀梛
るきな	留樹奈
るきな	瑠華菜
るきな	瑠希夏
るきな	瑠希菜
るきな	瑠希奈
るきな	瑠希那
るきな	瑠希南
るきな	瑠稀那
るきな	瑠樹菜
るきな	瑠姫奈
るな	るな
るな	ルナ
るな	弓姫
るな	結心
るな	月愛
るな	月永
るな	月夏
るな	月花
るな	月叶
るな	月菜
るな	月桜
るな	月雫
るな	月渚
るな	月星
るな	月聖
るな	月雪
るな	月奏
るな	月兎
るな	月奈
るな	月那
るな	月凪
るな	月南
るな	月寧
るな	月波
るな	月姫
るな	月優
るな	月涙
るな	月麗
るな	鷺菜
るな	桜菜
るな	春姫
るな	潤奈
るな	心花
るな	冬月
るな	蕗奈
るな	満月
るな	遥絆
るな	羅奈
るな	流永
るな	流菜
るな	流奈
るな	流那
るな	流凪
るな	流薙
るな	流南
るな	流波
るな	流名
るな	流梛
るな	溜永
るな	溜菜
るな	溜七
るな	溜称
るな	溜奈
るな	溜勿
るな	溜和
るな	溜梛
るな	琉な
るな	琉永
るな	琉央
るな	琉月
るな	琉菜
るな	琉雫
るな	琉七
るな	琉称
るな	琉成
るな	琉奈
るな	琉那
るな	琉凪
るな	琉捺
るな	琉南
るな	琉楠
るな	琉波
るな	琉姫
るな	琉名
るな	琉鳴
るな	琉勿
るな	琉梛
るな	留永
るな	留菜
るな	留七
るな	留成
るな	留奈
るな	留那
るな	留凪
るな	留捺
るな	留南
るな	留妃
るな	留撫
るな	留名
るな	留鳴
るな	留和
るな	留梛
るな	硫菜
るな	隆那
るな	瑠菜
るな	瑠雫
るな	瑠七
るな	瑠渚
るな	瑠称
るな	瑠真
るな	瑠成
るな	瑠晴
るな	瑠奈
るな	瑠那
るな	瑠凪
るな	瑠捺
るな	瑠南
るな	瑠楠
るな	瑠乃
るな	瑠波
るな	瑠名
るな	瑠来
るな	瑠來
るな	瑠曖
るな	瑠梛
るな	類奈
るな	楼奈
るな	籠七
るな	籠南
るな	籠撫
るね	るね
るね	ルネ
るね	月音
るね	月廻
るね	月寧
るね	流音
るね	流雪
るね	流寧
るね	流嶺
るね	琉子
るね	琉寧
るね	留音
るね	留寧
るね	留嶺
るね	瑠音
るね	瑠子
るね	瑠寧
るね	瑠峯
るね	瑠嶺
るの	るの
るの	優心
るの	流乃
るの	流埜
るの	琉乃
るの	琉埜
るの	琉望
るの	留乃
るの	留埜
るの	留野
るの	硫乃
るの	瑠音
るの	瑠希
るの	瑠乃
るの	瑠埜
るの	瑠望
るの	瑠野
るのあ	るのあ
るのあ	月杏
るのあ	月蒼愛
るのあ	月乃杏
るのあ	月夢愛
るのあ	月夢杏
るのあ	琉希明
るのあ	琉乃亜
るのあ	琉乃愛
るのあ	琉乃空
るのあ	琉乃彩
るのあ	留乃亜
るのあ	瑠希愛
るのあ	瑠乃亜
るのあ	瑠乃愛
るのあ	瑠乃空
るのん	るのん
るのん	月音
るのん	月奏
るのん	琉奏
るのん	琉暖
るのん	瑠音
るのん	瑠暖
れいら	れいら
れいら	レイラ
れいら	静麗蘭
れいら	涼良
れいら	令羅
れいら	令藍
れいら	令蘭
れいら	令良
れいら	令麗
れいら	令來
れいら	令徠
れいら	伶歌
れいら	伶良
れいら	伶來
れいら	伶徠
れいら	嶺羅
れいら	怜楽
れいら	怜咲
れいら	怜羅
れいら	怜来
れいら	怜藍
れいら	怜蘭
れいら	怜良
れいら	怜麗
れいら	怜來
れいら	玲愛
れいら	玲衣羅
れいら	玲衣樂
れいら	玲空
れいら	玲咲
れいら	玲桜
れいら	玲唯羅
れいら	玲羅
れいら	玲来
れいら	玲頼
れいら	玲藍
れいら	玲蘭
れいら	玲良
れいら	玲麗
れいら	玲來
れいら	玲徠
れいら	玲樂
れいら	礼愛
れいら	礼楽
れいら	礼空
れいら	礼羅
れいら	礼来
れいら	礼蘭
れいら	礼良
れいら	礼來
れいら	礼徠
れいら	鈴愛
れいら	鈴桜
れいら	鈴羅
れいら	鈴来
れいら	鈴蘭
れいら	鈴良
れいら	鈴來
れいら	鈴徠
れいら	零来
れいら	零礼
れいら	零來
れいら	零萊
れいら	霊螺
れいら	麗ら
れいら	麗楽
れいら	麗空
れいら	麗桜
れいら	麗羅
れいら	麗来
れいら	麗蘭
れいら	麗流
れいら	麗良
れいら	麗來
れいら	麗拉
れいら	麗萊
れいら	恋依空
れいら	恋來
れいら	澪愛
れいら	澪楽
れいら	澪空
れいら	澪羅
れいら	澪蘭
れいら	澪良
れいら	澪來
れいら	羚楽
れいら	羚羅
れいら	羚来
れいら	羚藍
れいら	羚蘭
れいら	羚良
れいら	羚來
れいら	羚萊
れいら	莉楽
れいら	莉空
れいら	莉羅
れいら	莉来
れいら	莉頼
れいら	莉蘭
れいら	莉良
れいら	莉來
れいら	莉徠
れいら	莉樂
れいら	莉萊
れいら	黎頼
れいら	黎良
れいん	レイン
れいん	虹音
れいん	伶音
れいん	怜音
れいん	玲允
れいん	玲韻
れいん	玲音
れいん	鈴韻
れいん	鈴雨
れいん	鈴音
れいん	零韻
れいん	麗音
れいん	恋韻
れいん	恋音
れおな	れおな
れおな	れお菜
れおな	れお奈
れおな	レオナ
れおな	獅音菜
れおな	令央奈
れおな	令央那
れおな	令緒菜
れおな	令緒南
れおな	伶央菜
れおな	伶央奈
れおな	伶音菜
れおな	伶音奈
れおな	伶音和
れおな	伶桜奈
れおな	伶桜名
れおな	伶緒菜
れおな	伶緒南
れおな	伶織奈
れおな	伶和名
れおな	怜央夏
れおな	怜央菜
れおな	怜央奈
れおな	怜央那
れおな	怜央南
れおな	怜乙那
れおな	怜音菜
れおな	怜桜奈
れおな	怜桜那
れおな	怜桜名
れおな	怜緒菜
れおな	怜緒奈
れおな	怜緒那
れおな	怜緒名
れおな	玲愛南
れおな	玲於奈
れおな	玲於那
れおな	玲於名
れおな	玲央夏
れおな	玲央菜
れおな	玲央七
れおな	玲央奈
れおな	玲央那
れおな	玲央名
れおな	玲乙菜
れおな	玲乙奈
れおな	玲乙那
れおな	玲音菜
れおな	玲音奈
れおな	玲音那
れおな	玲音名
れおな	玲桜菜
れおな	玲桜奈
れおな	玲桜那
れおな	玲桜名
れおな	玲緒菜
れおな	玲緒奈
れおな	玲緒那
れおな	玲緒名
れおな	玲織菜
れおな	玲織奈
れおな	玲夫那
れおな	礼遠奈
れおな	礼央菜
れおな	礼央奈
れおな	礼央名
れおな	礼桜菜
れおな	礼緒奈
れおな	礼緒名
れおな	鈴央菜
れおな	麗央夏
れおな	麗央菜
れおな	麗央奈
れおな	麗央那
れおな	麗央名
れおな	麗音菜
れおな	麗音奈
れおな	麗音那
れおな	麗桜菜
れおな	麗緒菜
れおな	麗緒奈
れおな	麗緒那
れおな	麗生菜
れおな	麗生奈
れおな	麗生那
れおな	麗生名
れおな	麗鳳梛
れおな	恋央奈
れおな	蓮音名
れおな	澪音奈
れおな	澪生奈
れおな	黎緒菜
れな	れな
れな	レナ
れな	恵令奈
れな	紅納
れな	令菜
れな	令奈
れな	令那
れな	令梛
れな	伶愛
れな	伶菜
れな	伶七
れな	伶成
れな	伶奈
れな	伶那
れな	伶凪
れな	伶捺
れな	伶南
れな	伶納
れな	伶波
れな	伶名
れな	伶梛
れな	冷那
れな	嶺奈
れな	嶺那
れな	怜茄
れな	怜菜
れな	怜七
れな	怜成
れな	怜奈
れな	怜那
れな	怜南
れな	怜納
れな	怜波
れな	怜名
れな	怜有
れな	怜来
れな	玲愛
れな	玲永
れな	玲夏
れな	玲菜
れな	玲七
れな	玲渚
れな	玲女
れな	玲成
れな	玲声
れな	玲奈
れな	玲那
れな	玲凪
れな	玲捺
れな	玲南
れな	玲寧
れな	玲波
れな	玲名
れな	玲来
れな	玲和
れな	玲來
れな	玲梛
れな	礼夏
れな	礼菜
れな	礼七
れな	礼奈
れな	礼那
れな	礼凪
れな	礼捺
れな	礼南
れな	礼名
れな	礼和
れな	礼梛
れな	鈴夏
れな	鈴菜
れな	鈴奈
れな	鈴那
れな	鈴梛
れな	零夏
れな	零菜
れな	零奈
れな	麗永
れな	麗夏
れな	麗菜
れな	麗七
れな	麗渚
れな	麗成
れな	麗奈
れな	麗那
れな	麗凪
れな	麗捺
れな	麗南
れな	麗乃
れな	麗名
れな	麗和
れな	麗梛
れな	恋菜
れな	恋奈
れな	恋那
れな	恋南
れな	恋乃
れな	煉楠
れな	蓮夏
れな	蓮菜
れな	蓮七
れな	蓮渚
れな	蓮奈
れな	蓮那
れな	蓮波
れな	澪夏
れな	澪菜
れな	澪渚
れな	澪成
れな	澪奈
れな	澪那
れな	澪波
れな	羚夏
れな	羚菜
れな	羚七
れな	羚生
れな	羚奈
れな	羚那
れな	羚南
れな	羚納
れな	羚名
れな	莉凪
れな	黎菜
れな	黎奈
れな	黎那
れな	黎南
れもん	れもん
れもん	レモン
れもん	伶文
れもん	伶萌音
れもん	冷紋
れもん	怜文
れもん	怜萌音
れもん	怜紋
れもん	玲文
れもん	玲萌音
れもん	礼紋
れもん	鈴萌音
れもん	鈴紋
れもん	麗文
れもん	麗萌
れもん	麗萌音
れもん	麗紋
れもん	恋音
れもん	恋文
れもん	恋紋
れもん	莉文
ろな	ろな
ろな	芦菜
ろな	芦奈
ろな	香那
ろな	虹志
ろな	蕗菜
ろな	蕗奈
ろな	蕗那
ろな	呂菜
ろな	呂奈
ろな	呂那
ろな	呂名
ろな	路菜
ろな	路奈
ろな	路那
ろな	路名
ろな	露夏
ろな	露菜
ろな	露奈
ろな	露那
ろな	楼奈
