あいしゃ	愛沙
あげは	葵羽
あのん	愛音
あのん	愛叶
あのん	愛希
あのん	葵音
あのん	綾希
あのん	雨音
あのん	空音
あのん	紅音
あのん	彩音
あのん	青音
あのん	碧音
あのん	和音
あみり	杏璃
あめり	天寧
あめり	天李
あめり	天璃
あめり	天里
あめり	天莉
あゆら	歩来
ありあ	蒼空
ありか	歩
ありか	有翔
ありさ	愛
ありさ	愛咲
ありさ	愛桜
ありさ	有桜
ありす	光珠
あんじゅ	愛慈
あんじゅ	愛樹
あんじゅ	杏
あんな	愛月
あんな	愛和
あんな	杏
あんな	杏梨
あんな	夢
あんね	杏
えいか	瑛海
えいみ	瑛海
えいり	央里
えな	永愛
えな	永和
えな	恵愛
えな	恵樹
えま	愛真
えま	依真
えま	永愛
えむ	愛夢
えむ	恵夢
えりん	絵梨
えりん	麗愛
える	愛琉
える	愛路
える	衣瑠
える	映瑠
える	瑛琉
える	英琉
える	英瑠
える	詠瑠
えれな	愛月
えれん	愛月
えれん	愛恋
えれん	愛蓮
えれん	愛連
えれん	永愛
おとあ	音愛
おとあ	音空
かえら	楓愛
かのん	愛絆
かのん	音羽
かのん	佳音
かのん	加音
かのん	可南
かのん	海音
かのん	叶愛
かのん	叶音
かのん	叶夢
かのん	輝音
かのん	空音
かのん	圭音
かのん	香音
かのん	桜音
かのん	心温
かのん	奏音
かのん	和音
かのん	栞音
かのん	翔音
きあら	絆愛
きらら	希星
きらら	稀月
きらら	輝
きらら	輝美
きらら	燦
きらら	翠
きらら	星空
きらら	煌
きらら	綺
きらら	綺星
くらら	桜蘭
くれあ	來空
くれあ	絆愛
ここあ	彩
ここあ	心温
ここあ	心綺
さらん	愛
さらん	愛蘭
さらん	彩蘭
さらん	桜蘭
しえる	雫月
しのん	梓音
しのん	志音
しのん	紫音
しのん	詩音
しのん	汐音
しのん	心温
しのん	星音
じゅえり	希理
じゅじゅ	珠樹
じゅじゅ	寿樹
じゅな	珠己
じゅな	珠生
じゅな	樹和
じゅり	朱浬
じゅり	朱李
じゅり	朱理
じゅり	朱璃
じゅり	朱里
じゅり	朱俐
じゅり	朱凛
じゅり	朱莉
じゅり	珠利
じゅり	珠吏
じゅり	珠李
じゅり	珠梨
じゅり	珠理
じゅり	珠琉
じゅり	珠凛
じゅり	珠稟
じゅり	樹
じゅり	樹里
じゅり	樹琉
しょうこ	星来
しょうこ	青空
せれな	星南
せれな	蒼月
てぃな	星奈
てぃな	美月
なのん	七音
なのん	凪音
なのん	波音
にいな	仁愛
にか	仁和
にか	日花
にか	日和
にこ	莞
にこ	咲
にこ	虹
にこ	日香
にこ	和
にこ	和心
にな	仁愛
にな	仁和
にな	日菜
ねい	音生
ねい	寧
ねい	寧生
ねいな	寧和
ねね	愛音
ねね	希音
ねね	初音
ねね	祢音
ねね	寧音
ねね	寧希
のあ	愛空
のあ	永愛
のあ	音愛
のあ	音羽
のあ	音空
のあ	叶愛
のあ	希亜
のあ	希愛
のあ	希海
のあ	希空
のあ	希宙
のあ	希明
のあ	空
のあ	空愛
のあ	望海
のあ	和音
のあん	叶愛
のあん	希愛
のえる	聖
のえる	聖生
のえる	天使
はのん	羽音
はのん	彩音
はのん	波音
はのん	葉音
はんな	英
はんな	花
はんな	華
はんな	絆愛
ひいろ	柊呂
ひいろ	陽葵
まのん	愛音
まのん	真音
まのん	舞音
まのん	万音
まりあ	愛
まりあ	聖
まりあ	莉愛
まりん	葵海
まりん	夏
まりん	海
まりん	海音
まりん	海波
まりん	海鈴
まりん	海凛
まりん	海凜
まりん	稀梨
まりん	真海
まりん	真珠
まりん	蒼海
まりん	波音
まりん	舞音
まりん	碧海
まろん	愛夢
まろん	栗
みあ	海亜
みあ	海空
みあ	美愛
みあ	美藍
みあい	美愛
みあい	美藍
みあり	美愛
みあん	海杏
みおん	海音
みおん	実音
みおん	心温
みおん	心穏
みおん	心音
みおん	美音
みおん	美響
みおん	澪音
みのん	海音
みのん	実音
みのん	美音
みるく	未来
めいあ	明空
めろん	愛音
もあ	百和
ゆのあ	優杏
ゆのん	結音
らぶ	愛
らぶ	愛夢
らむ	愛夢
らむ	夢
らむ	来夢
らむ	來夢
らむ	徠夢
らら	愛
らら	愛空
らら	愛桜
らら	愛来
らら	歌
らら	月
らら	詩
らら	星來
らら	來良
りあな	愛絆
りあな	絆愛
りあら	璃愛
りあら	琉愛
りいな	莉愛
りのあ	理愛
りのあ	璃愛
りのあ	凛愛
りのあ	莉愛
りのん	羽音
りのん	奏音
りのん	哩音
りのん	利音
りのん	吏音
りのん	李音
りのん	梨音
りのん	理温
りのん	理音
りのん	璃音
りのん	里音
りのん	琳音
りのん	凛音
りのん	莉音
りのん	凜音
りりあ	凛愛
りりあ	莉愛
りりい	莉愛
るうあ	琉愛
るうな	琉海
るうな	瑠夏
るうな	瑠海
るな	夏月
るな	月
るな	美月
るな	流愛
るな	琉愛
るな	琉夏
るな	琉生
るな	琉和
るな	留生
るな	瑠
るな	瑠愛
るな	瑠夏
るな	瑠和
るのあ	琉愛
るのあ	瑠愛
るのん	琉音
るるな	琉愛
るん	楽
るん	恋空
れあ	希
れあ	希愛
れあ	麗愛
れあ	恋空
れあん	莉杏
れいあ	麗愛
れいあ	莉愛
れいあ	莉杏
れいん	玲
れいん	澪音
れのあ	玲葵
れのあ	麗愛
れのあ	莉愛
