あとむ	アトム
あとむ	亜叶夢
あとむ	亜十夢
あとむ	亜人務
あとむ	亜人夢
あとむ	亜人無
あとむ	亜人六
あとむ	亜吐武
あとむ	亜徒夢
あとむ	亜斗武
あとむ	亜斗務
あとむ	亜斗夢
あとむ	亜斗無
あとむ	亜斗六
あとむ	亜杜武
あとむ	亜登武
あとむ	亜登夢
あとむ	亜土武
あとむ	亜土務
あとむ	亜土夢
あとむ	亜土無
あとむ	亜土六
あとむ	亜刀武
あとむ	亜飛夢
あとむ	亜富
あとむ	亜富夢
あとむ	亜冨
あとむ	亜友
あとむ	亜翔夢
あとむ	阿人武
あとむ	阿斗武
あとむ	阿斗務
あとむ	阿斗夢
あとむ	阿斗無
あとむ	阿斗六
あとむ	阿都夢
あとむ	愛斗夢
あとむ	愛闘夢
あとむ	愛富
あとむ	愛翔夢
あとむ	安人武
あとむ	安人務
あとむ	安人夢
あとむ	安人無
あとむ	安人六
あとむ	安斗務
あとむ	安斗夢
あとむ	安斗無
あとむ	安斗六
あとむ	安登武
あとむ	安登務
あとむ	安登夢
あとむ	安登無
あとむ	安登六
あとむ	安土夢
あとむ	安富
あとむ	安翔夢
あとむ	貴夢
あとむ	空飛夢
あとむ	空翔
あとむ	原子
あとむ	吾士矛
あとむ	吾斗夢
あとむ	吾登夢
あとむ	後武
あとむ	後務
あとむ	後夢
あとむ	後無
あとむ	後六
あとむ	昂斗夢
あとむ	跡武
あとむ	跡務
あとむ	跡夢
あとむ	跡無
あとむ	跡六
あとむ	明斗武
あとむ	明都夢
あとむ	有都夢
あとむ	与武
あとむ	与務
あとむ	与夢
あとむ	与無
あとむ	与六
かいる	可いる
かいる	華衣瑠
かいる	廻流
かいる	快琉
かいる	快瑠
かいる	魁流
かいる	魁琉
かいる	魁粒
かいる	魁瑠
かいる	海流
かいる	海琉
かいる	海隆
かいる	海瑠
かいる	界隆
かいる	界瑠
かいる	絵瑠
かいる	開瑠
かいる	凱琉
かいる	凱瑠
かいる	叶偉琉
かいる	桧琉
かいる	桧瑠
かいる	櫂琉
かいる	櫂瑠
かいる	翔威琉
かいる	翔衣琉
かいん	歌音
かいん	珂音
かいん	華韻
かいん	快音
かいん	海允
かいん	櫂韻
かげとら	影虎
かげとら	影寅
かげとら	景虎
かげとら	景寅
かぶと	加太
かぶと	可太
かぶと	嘉武人
かぶと	歌舞斗
かぶと	兜
かぶと	兜杜
かぶと	甲斗
かぶと	彼武人
かぶと	翔太
かもん	佳文
かもん	佳門
かもん	嘉文
かもん	嘉門
かもん	禾門
かもん	花門
かもん	椛紋
かもん	香門
かもん	掃部
がい	我意
がい	我生
がい	賀威
がい	雅偉
がい	雅意
がい	雅為
がい	雅生
がい	魁
がい	凱
がい	凱偉
がい	凱唯
がい	外
がい	涯
がい	蓋
がい	該
がい	鎧
きらと	喜良人
きらと	希叶
きらと	稀羅斗
きらと	紀良人
きらと	輝虎
きらと	輝人
きらと	輝仁
きらと	輝斗
きらと	輝瞳
きらと	輝来人
きらと	輝翔
きらと	燦翔
きらと	星斗
きらと	斗馬
きらと	煌乙
きらと	煌叶
きらと	煌虎
きらと	煌士
きらと	煌人
きらと	煌仁
きらと	煌斗
きらと	煌翔
きらと	綺羅斗
きらと	綺羅翔
きりと	喜利斗
きりと	喜梨翔
きりと	喜理人
きりと	喜里斗
きりと	喜里都
きりと	喜莉都
きりと	希利人
きりと	希吏斗
きりと	希吏都
きりと	希理人
きりと	希理都
きりと	希理翔
きりと	希里都
きりと	希里翔
きりと	希凛斗
きりと	希凜人
きりと	季理人
きりと	季里人
きりと	稀理斗
きりと	稀俐斗
きりと	紀利人
きりと	紀吏都
きりと	紀梨斗
きりと	紀理斗
きりと	紀里斗
きりと	紀凜音
きりと	規理人
きりと	記李斗
きりと	貴利都
きりと	貴李斗
きりと	貴理人
きりと	貴璃斗
きりと	貴里斗
きりと	貴倫翔
きりと	貴莉人
きりと	貴莉都
きりと	貴黎斗
きりと	輝李飛
きりと	輝李翔
きりと	輝梨斗
きりと	輝梨都
きりと	輝梨翔
きりと	輝理人
きりと	輝理斗
きりと	輝璃斗
きりと	輝里都
きりと	輝倫人
きりと	桐永
きりと	桐乙
きりと	桐音
きりと	桐士
きりと	桐人
きりと	桐仁
きりと	桐斗
きりと	桐杜
きりと	桐渡
きりと	桐登
きりと	桐途
きりと	桐都
きりと	桐和
きりと	桐橙
きりと	桐翔
きりと	斬斗
きりと	樹利斗
きりと	樹利都
きりと	樹梨翔
きりと	樹俐斗
きりと	錐人
きりと	錐斗
きりと	錐都
きりと	錐翔
きりと	聖都
きりと	雰音
きりと	霧人
きりと	霧仁
きりと	霧斗
きりと	霧都
きりと	来吏人
きりと	来李人
きりと	来理人
きりと	来里人
きりと	晞理斗
きりと	煌人
きりと	麒里人
けんと	絢永
けんと	絢音
けんと	絢叶
けんと	絢士
けんと	絢人
けんと	絢仁
けんと	絢斗
けんと	絢杜
けんと	絢都
けんと	絢翔
けんと	嘉武斗
けんと	花武斗
けんと	萱人
けんと	監斗
けんと	稀武人
けんと	稀武斗
けんと	稀武都
けんと	挙斗
けんと	健永
けんと	健音
けんと	健叶
けんと	健虎
けんと	健士
けんと	健人
けんと	健仁
けんと	健尊
けんと	健大
けんと	健跳
けんと	健徒
けんと	健斗
けんと	健杜
けんと	健渡
けんと	健登
けんと	健都
けんと	健砥
けんと	健土
けんと	健冬
けんと	健刀
けんと	健統
けんと	健闘
けんと	健篤
けんと	健隼
けんと	健飛
けんと	健敏
けんと	健豊
けんと	健和
けんと	健橙
けんと	健翔
けんと	健遙
けんと	兼音
けんと	兼士
けんと	兼人
けんと	兼仁
けんと	兼斗
けんと	兼登
けんと	兼都
けんと	兼百
けんと	剣音
けんと	剣兜
けんと	剣虎
けんと	剣士
けんと	剣人
けんと	剣仁
けんと	剣斗
けんと	剣杜
けんと	剣登
けんと	剣都
けんと	剣冬
けんと	剣闘
けんと	剣翔
けんと	堅音
けんと	堅士
けんと	堅人
けんと	堅仁
けんと	堅斗
けんと	堅杜
けんと	堅渡
けんと	堅登
けんと	堅都
けんと	堅土
けんと	堅翔
けんと	建虎
けんと	建人
けんと	建仁
けんと	建斗
けんと	建杜
けんと	建登
けんと	建都
けんと	建利
けんと	建翔
けんと	憲永
けんと	憲音
けんと	憲叶
けんと	憲采
けんと	憲人
けんと	憲仁
けんと	憲斗
けんと	憲杜
けんと	憲冬
けんと	憲翔
けんと	懸塗
けんと	懸斗
けんと	懸翔
けんと	拳音
けんと	拳虎
けんと	拳士
けんと	拳人
けんと	拳斗
けんと	拳登
けんと	拳都
けんと	拳灯
けんと	拳闘
けんと	拳門
けんと	拳翔
けんと	権永
けんと	権斗
けんと	権都
けんと	権翔
けんと	献人
けんと	献仁
けんと	献斗
けんと	献翔
けんと	研音
けんと	研十
けんと	研人
けんと	研仁
けんと	研斗
けんと	研登
けんと	研飛
けんと	研門
けんと	研翔
けんと	絹人
けんと	絹都
けんと	謙永
けんと	謙十
けんと	謙人
けんと	謙仁
けんと	謙智
けんと	謙斗
けんと	謙杜
けんと	謙渡
けんと	謙登
けんと	謙都
けんと	謙土
けんと	謙燈
けんと	謙篤
けんと	謙隼
けんと	謙磨
けんと	謙利
けんと	謙橙
けんと	謙翔
けんと	賢永
けんと	賢音
けんと	賢叶
けんと	賢虎
けんと	賢士
けんと	賢十
けんと	賢人
けんと	賢仁
けんと	賢澄
けんと	賢征
けんと	賢大
けんと	賢跳
けんと	賢徒
けんと	賢斗
けんと	賢杜
けんと	賢登
けんと	賢都
けんと	賢冬
けんと	賢燈
けんと	賢飛
けんと	賢門
けんと	賢翔
けんと	遣人
けんと	遣斗
けんと	遣都
けんと	遣朋
けんと	遣翔
けんと	顕音
けんと	顕士
けんと	顕人
けんと	顕斗
けんと	顕都
けんと	顕翔
けんと	玄乙
けんと	玄人
けんと	玄仁
けんと	玄登
けんと	玄都
けんと	玄桃
けんと	絃士
けんと	絃十
けんと	絃人
けんと	絃仁
けんと	絃斗
けんと	絃留
けんと	絃翔
けんと	舷人
けんと	腎斗
けんと	菅人
けんと	繭人
けんと	繭斗
けんと	栞都
こなん	こなん
こなん	巨楠
こなん	乎南
こなん	古楠
こなん	己楠
こなん	湖南
こなん	湖楠
こなん	胡南
こなん	胡楠
こなん	虎夏
こなん	虎男
こなん	虎南
こなん	虎楠
こなん	瑚南
こなん	幸南
こなん	江南
こなん	子南
こなん	小南
こなん	小楠
こなん	虹南
こなん	来南
こなん	琥那
こなん	琥南
こなん	琥楠
ごうる	剛琉
ごうる	豪琉
しあん	梓杏
しあん	司晏
しあん	嗣杏
しあん	士庵
しあん	志安
しあん	志庵
しあん	支庵
しあん	紫安
しあん	紫庵
しあん	紫杏
しあん	紫晏
しあん	詩鞍
しあん	詩晏
しあん	誌庵
しあん	心安
しいま	志維真
しいま	椎真
しいま	椎馬
しいま	椎舞
しいま	椎麻
しもん	しもん
しもん	シモン
しもん	司紋
しもん	司門
しもん	史文
しもん	史紋
しもん	史門
しもん	嗣文
しもん	嗣紋
しもん	嗣門
しもん	四門
しもん	士文
しもん	士紋
しもん	士門
しもん	始紋
しもん	始門
しもん	師門
しもん	志文
しもん	志問
しもん	志紋
しもん	志門
しもん	思聞
しもん	獅文
しもん	獅紋
しもん	獅門
しもん	紫文
しもん	紫紋
しもん	紫門
しもん	至門
しもん	詩文
しもん	詩紋
しもん	詩門
しもん	慈問
しもん	之門
しょあ	しょあ
しょあ	ショア
しょあ	海風
しょあ	渚亜
しょあ	渚空
しょあ	将愛
しょあ	将空
しょあ	風海
じおん	じおん
じおん	志煌
じおん	侍恩
じおん	侍音
じおん	児音
じおん	寺音
じおん	慈園
じおん	慈音
じおん	慈桜
じおん	滋音
じおん	示音
じおん	自音
じおん	仁音
じおん	尋音
じおん	地恩
じおん	二音
じゅらい	珠來
じゅらい	寿来
じゅらい	寿徠
じゅらい	樹雷
じゅらい	樹礼
じゅらい	頌来
せいあ	せいあ
せいあ	世彩
せいあ	世明
せいあ	征亜
せいあ	成吾
せいあ	成和
せいあ	星亜
せいあ	星愛
せいあ	星安
せいあ	星杏
せいあ	星青
せいあ	星蒼
せいあ	星明
せいあ	晴愛
せいあ	晴逢
せいあ	晴葵
せいあ	晴空
せいあ	晴明
せいあ	正空
せいあ	清空
せいあ	生愛
せいあ	聖亜
せいあ	聖空
せいあ	聖蒼
せいあ	聖天
せいあ	聖明
せいあ	誠亜
せいあ	誠愛
せいあ	誠葵
せいあ	誠空
せいあ	誠充
せいあ	誠生亜
せいあ	誠蒼
せいあ	誠明
せいあ	誠和
せいあ	誓愛
せいあ	醒空
せいあ	青昂
せいあ	惺空
せいあ	惺蒼
せいあ	惺有
せいあ	晟亜
せいあ	晟愛
せいあ	晟空
せいん	せいん
せいん	聖音
せかい	せかい
せかい	世快
せかい	世改
せかい	世海
せかい	世界
せかい	世貝
せかい	瀬改
せかい	瀬海
せかい	成界
せかい	星海
せかい	清海
せかい	晟海
せしる	瀬志琉
せしる	聖心琉
そうる	空羽流
そうる	空潤
そうる	魂
そうる	魂琉
そうる	宗蕗
そうる	宗流
そうる	宗琉
そうる	壮流
そうる	奏流
そうる	奏琉
そうる	爽瑠
そうる	爽塁
そうる	蒼流
そうる	蒼琉
そうる	走塁
そうる	湊羽琉
そうる	湊琉
そうる	颯琉
そうる	颯瑠
たいむ	汰夢
たいむ	泰武
たいむ	大夢
たいむ	敦夢
てとら	輝虎
てとら	輝寅
てとら	三角
てとら	鉄虎
てとら	天虎
てとら	天寅
とむ	とむ
とむ	虎武
とむ	士武
とむ	時夢
とむ	十夢
とむ	十六
とむ	人武
とむ	人夢
とむ	太武
とむ	太夢
とむ	鳥夢
とむ	徒夢
とむ	斗武
とむ	斗夢
とむ	杜夢
とむ	登武
とむ	登務
とむ	登夢
とむ	都武
とむ	都夢
とむ	都陸
とむ	刀夢
とむ	飛武
とむ	飛夢
とむ	富武
とむ	富夢
とむ	冨夢
とむ	豊武
とむ	豊夢
とむ	翔武
とむ	翔舞
とむ	翔夢
とむ	翔牟
とむ	翔霧
どうむ	導夢
どうむ	童夢
どうむ	道夢
ないき	渚生
ないき	成生
ないき	奈生
ないき	那行
ないき	那生
ないき	内記
ないき	内輝
ないき	乃毅
ないき	乃輝
ないき	乃樹
ないと	永生人
ないと	騎士
ないと	七威斗
ないと	成伊斗
ないと	成緯斗
ないと	星斗
ないと	生糸
ないと	奈斗
ないと	那威斗
ないと	那絃
ないと	那生斗
ないと	那唯斗
ないと	内人
ないと	凪絃
ないと	祢翔
ないと	乃愛
ないと	乃斗
ないと	乃土
ないと	乃翔
ないと	夢翔
ないと	夜空
ないと	夜月
ないと	梛伊斗
ないる	菜入
ないる	那伊留
ないる	那入
ないる	來生琉
はあと	羽亜人
はあと	羽亜斗
はあと	羽愛叶
はあと	羽愛斗
はあと	心形
はあと	心人
はあと	心斗
はあと	把阿土
はあと	琶愛透
はいね	貝音
はうる	羽宇琉
はうる	羽潤
はうる	羽佑琉
はうる	晴潤
はうる	動城
はんじ	はん治
はんじ	伴次
はんじ	半次
はんじ	半治
はんじ	帆司
はんじ	汎仁
はんじ	範二
はんじ	絆司
はんじ	絆士
はんじ	絆慈
はんじ	絆仁
はんじ	絆二
まあく	真亜玖
まあく	真愛空
まあく	満愛空
まいき	蒔生
まいき	真一希
まいき	真生
まいき	舞希
まいき	舞季
まいき	舞貴
まいき	舞起
まいき	舞輝
まいき	舞己
まいき	舞樹
まいき	舞生
まいく	マイク
まいく	参久
まいく	真育
まいく	真郁
まいく	真行
まいく	真生
まいく	真唯玖
まいく	正育
まいく	舞空
まいく	磨育
まいく	麻育
まいく	麻郁
まいく	満育
まいく	眞育
まいく	眞郁
まいく	茉郁
まいと	マイト
まいと	実弦
まいと	真愛
まいと	真偉人
まいと	真偉斗
まいと	真威人
まいと	真衣人
まいと	真衣斗
まいと	真弦
まいと	真絃
まいと	真生人
まいと	真生翔
まいと	真唯人
まいと	馬絃
まいと	舞士
まいと	舞人
まいと	舞仁
まいと	舞斗
まいと	舞都
まいと	舞飛
まいと	舞翔
まいと	磨衣人
まいと	磨絃
まいと	昧人
まいと	毎人
まいと	眞絃
まいと	茉以人
まいと	茉絃
まろん	摩乱
まろん	茉論
みんと	みんと
みんと	皆人
みんと	光翔
みんと	三斗
みんと	三飛
みんと	民人
みんと	民都
みんと	眠兎
みんと	明人
めろん	芽論
もんど	主水
もんど	文人
もんど	文斗
もんど	紋人
もんど	紋斗
もんど	紋土
もんど	門人
よぞら	よぞら
よぞら	夜空
よぞら	良空
よぞら	良宙
らいあ	らいあ
らいあ	瀬亜
らいあ	来亜
らいあ	来阿
らいあ	来愛
らいあ	来空
らいあ	来吾
らいあ	来明
らいあ	来煌
らいあ	頼亜
らいあ	頼空
らいあ	雷亜
らいあ	雷愛
らいあ	雷空
らいあ	雷和
らいあ	礼亜
らいあ	礼空
らいあ	礼彪
らいあ	來亜
らいあ	來愛
らいあ	來海
らいあ	來吾
らいあ	來碧
らいあ	來歩
らいあ	來明
らいあ	徠亜
らいあ	徠愛
らいあ	徠新
らいあ	禮亜
らいあ	蕾空
らいあ	蕾明
らいあ	萊亜
らいあ	萊空
らいあん	羅衣安
らいあん	来安
らいあん	来庵
らいあん	来按
らいあん	来案
らいあん	来杏
らいあん	来行
らいあん	頼杏
らいあん	雷杏
らいあん	來杏
らいあん	萊杏
らいが	らいが
らいが	光翔
らいが	瀬雅
らいが	羅衣牙
らいが	羅衣雅
らいが	来嘉
らいが	来河
らいが	来俄
らいが	来我
らいが	来臥
らいが	来芽
らいが	来雅
らいが	来駕
らいが	来凱
らいが	頼佳
らいが	頼河
らいが	頼華
らいが	頼我
らいが	頼牙
らいが	頼芽
らいが	頼賀
らいが	頼雅
らいが	頼駕
らいが	雷河
らいが	雷我
らいが	雷牙
らいが	雷芽
らいが	雷賀
らいが	雷雅
らいが	礼河
らいが	礼峨
らいが	礼我
らいが	礼牙
らいが	礼芽
らいが	礼賀
らいが	礼雅
らいが	礼駕
らいが	來河
らいが	來我
らいが	來牙
らいが	來芽
らいが	來雅
らいが	來駕
らいが	徠嘉
らいが	徠我
らいが	徠牙
らいが	徠芽
らいが	徠雅
らいが	徠凱
らいが	徠翔
らいが	琥神
らいが	禮雅
らいが	蕾華
らいが	蕾我
らいが	蕾雅
らいが	蕾駕
らいが	萊我
らいが	萊雅
らいが	萊駕
らいと	瀨音
らいと	賴斗
らいと	らいと
らいと	ライト
らいと	楽絃
らいと	輝星
らいと	輝大
らいと	輝飛
らいと	空色人
らいと	月光
らいと	光斗
らいと	光灯
らいと	瀬翔
らいと	星斗
らいと	星翔
らいと	天煌
らいと	羅伊翔
らいと	羅偉斗
らいと	羅偉翔
らいと	羅威翔
らいと	羅維人
らいと	羅維斗
らいと	羅維都
らいと	羅維翔
らいと	羅一斗
らいと	羅一都
らいと	羅絃
らいと	羅生翔
らいと	羅唯人
らいと	羅唯斗
らいと	羅唯翔
らいと	来愛
らいと	来井斗
らいと	来音
らいと	来叶
らいと	来弦
らいと	来絃
らいと	来糸
らいと	来人
らいと	来仁
らいと	来図
らいと	来星翔
らいと	来生人
らいと	来説
らいと	来太
らいと	来斗
らいと	来渡
らいと	来登
らいと	来都
らいと	来年
らいと	来飛
らいと	来富
らいと	来利
らいと	頼音
らいと	頼士
らいと	頼人
らいと	頼仁
らいと	頼斗
らいと	頼杜
らいと	頼渡
らいと	頼登
らいと	頼都
らいと	頼飛
らいと	頼富
らいと	頼翔
らいと	雷都
らいと	雷音
らいと	雷虎
らいと	雷士
らいと	雷人
らいと	雷仁
らいと	雷斗
らいと	雷渡
らいと	雷登
らいと	雷都
らいと	雷飛
らいと	雷豊
らいと	雷翔
らいと	蘭偉斗
らいと	蘭威斗
らいと	良愛
らいと	励人
らいと	礼乙
らいと	礼虎
らいと	礼人
らいと	礼斗
らいと	礼渡
らいと	礼都
らいと	礼翔
らいと	麗斗
らいと	來音
らいと	來叶
らいと	來弦
らいと	來采
らいと	來士
らいと	來純
らいと	來人
らいと	來仁
らいと	來図
らいと	來兎
らいと	來徒
らいと	來斗
らいと	來杜
らいと	來登
らいと	來都
らいと	來飛
らいと	來翔
らいと	徠愛
らいと	徠沖
らいと	徠音
らいと	徠外
らいと	徠叶
らいと	徠採
らいと	徠采
らいと	徠士
らいと	徠執
らいと	徠人
らいと	徠図
らいと	徠存
らいと	徠跳
らいと	徠徒
らいと	徠斗
らいと	徠杜
らいと	徠渡
らいと	徠登
らいと	徠都
らいと	徠飛
らいと	徠利
らいと	徠翔
らいと	煌月
らいと	禮人
らいと	禮斗
らいと	禮飛
らいと	蕾音
らいと	蕾士
らいと	蕾兎
らいと	蕾斗
らいと	蕾杜
らいと	蕾都
らいと	蕾論
らいと	蕾翔
らいと	萊音
らいと	萊人
らいと	萊仁
らいと	萊斗
らいと	萊杜
らいと	萊都
らいと	萊友
らいと	萊翔
りあら	莉愛来
りひと	りひと
りひと	綾仁
りひと	浬一
りひと	浬士
りひと	浬人
りひと	浬仁
りひと	浬陽人
りひと	浬陽斗
りひと	栗仁
りひと	鯉日十
りひと	鯉陽十
りひと	織寛
りひと	織仁
りひと	哩士
りひと	利一
りひと	利光人
りひと	利史
りひと	利侍
りひと	利人
りひと	利仁
りひと	利比斗
りひと	利緋都
りひと	利飛人
りひと	利飛斗
りひと	利陽人
りひと	利陽達
りひと	利陽斗
りひと	吏一
りひと	吏人
りひと	吏仁
りひと	吏隻
りひと	吏飛人
りひと	吏飛斗
りひと	吏陽斗
りひと	李光人
りひと	李人
りひと	李仁
りひと	李燈斗
りひと	李比斗
りひと	李陽斗
りひと	梨人
りひと	梨飛斗
りひと	理一
りひと	理壱
りひと	理寛
りひと	理史
りひと	理侍
りひと	理秀
りひと	理人
りひと	理聖
りひと	理等
りひと	理比斗
りひと	理比都
りひと	理比翔
りひと	理緋斗
りひと	理緋都
りひと	理飛人
りひと	理飛仁
りひと	理飛斗
りひと	理陽人
りひと	理陽斗
りひと	理陽翔
りひと	璃一
りひと	璃史
りひと	璃士
りひと	璃人
りひと	璃仁
りひと	璃燈人
りひと	璃燈斗
りひと	璃日斗
りひと	璃妃斗
りひと	璃陽斗
りひと	璃陽翔
りひと	裡士
りひと	裡人
りひと	裡仁
りひと	里史
りひと	里秀人
りひと	里人
りひと	里仁
りひと	里斉
りひと	里陽斗
りひと	陸仁
りひと	律人
りひと	律仁
りひと	琉史
りひと	琉士
りひと	琉人
りひと	琉仁
りひと	琉吏
りひと	凌一
りひと	凌士
りひと	凌人
りひと	凌仁
りひと	稜史
りひと	稜人
りひと	稜斉
りひと	力仁
りひと	琳一
りひと	琳公
りひと	琳史
りひと	琳士
りひと	琳仁
りひと	瑠人
りひと	瑠仁
りひと	瑠緋斗
りひと	玲士
りひと	玲人
りひと	玲仁
りひと	麗史
りひと	麗人
りひと	麗仁
りひと	俐一
りひと	俐一斗
りひと	俐史
りひと	俐士
りひと	俐人
りひと	俐仁
りひと	俐斐人
りひと	俐陽翔
りひと	凛一
りひと	凛史
りひと	凛士
りひと	凛人
りひと	凛仁
りひと	凛燈斗
りひと	凛日斗
りひと	凛緋人
りひと	凛緋斗
りひと	凛陽人
りひと	凛陽斗
りひと	凛留
りひと	凛倫
りひと	凛翔
りひと	莉一
りひと	莉壱
りひと	莉史
りひと	莉士
りひと	莉人
りひと	莉日斗
りひと	莉比人
りひと	莉比斗
りひと	莉比都
りひと	莉比豊
りひと	莉比翔
りひと	莉緋斗
りひと	莉飛斗
りひと	莉陽人
りひと	莉陽斗
りひと	莉陽翔
りひと	黎人
りひと	凜士
りひと	凜人
りひと	凜仁
りひと	凜倫
りひと	凜翔
りむ	りむ
りむ	利武
りむ	利夢
りむ	吏務
りむ	吏夢
りむ	李夢
りむ	梨夢
りむ	理群
りむ	理武
りむ	理夢
りむ	理矛
りむ	理霧
りむ	璃武
りむ	璃夢
りむ	璃六
りむ	里武
りむ	里夢
りむ	里矛
りむ	竜夢
りむ	涼夢
りむ	輪夢
りむ	玲夢
りむ	俐矛
りむ	凛夢
りむ	莉武
りむ	莉舞
りむ	莉夢
りむ	莉六
りんく	りんく
りんく	リンク
りんく	琳空
りんく	琳工
りんく	琳来
りんく	琳琥
りんく	臨空
りんく	輪久
りんく	麟空
りんく	鈴玖
りんく	鈴空
りんく	凛久
りんく	凛玖
りんく	凛駆
りんく	凛空
りんく	凛紅
りんく	凛琥
りんく	稟求
りんく	稟功
りんく	綸空
りんく	凜久
りんく	凜玖
りんく	凜空
るうあ	流宇亞
るうあ	隆亜
るうく	流羽久
るうく	琉宇九
るうく	琉宇来
るうく	琉羽久
るうく	琉羽空
るうく	琉羽来
るうく	琉優空
るうく	留羽空
るうく	留優來
るうく	瑠羽久
るうく	瑠孔
るうく	瑠憂空
るうと	るうと
るうと	流疎
るうと	琉宇斗
るうと	琉羽斗
るうと	琉統
るうと	琉優人
るうと	琉優斗
るうと	琉侑人
るうと	瑠羽斗
るうと	瑠羽翔
るうと	瑠佑斗
るうと	瑠優人
るきあ	るきあ
るきあ	月稀空
るきあ	陸碧
るきあ	流希亜
るきあ	流希愛
るきあ	流希空
るきあ	流気愛
るきあ	流記亜
るきあ	流輝愛
るきあ	流星
るきあ	流來愛
るきあ	琉葵空
るきあ	琉希亜
るきあ	琉希愛
るきあ	琉希空
るきあ	琉毅阿
るきあ	琉毅空
るきあ	琉稀亜
るきあ	琉稀愛
るきあ	琉稀吾
るきあ	琉紀空
るきあ	琉輝亜
るきあ	琉輝空
るきあ	琉騎綾
るきあ	琉己亜
るきあ	琉樹亜
るきあ	琉星
るきあ	琉來愛
るきあ	琉來雅
るきあ	琉氣愛
るきあ	琉絆亜
るきあ	琉絆空
るきあ	琉綺愛
るきあ	留希亜
るきあ	留貴亜
るきあ	瑠喜愛
るきあ	瑠希亜
るきあ	瑠希愛
るきあ	瑠希空
るきあ	瑠希歩
るきあ	瑠毅空
るきあ	瑠紀亜
るきあ	瑠紀阿
るきあ	瑠輝愛
るきあ	瑠樹吾
るきあ	瑠生愛
れお	れお
れお	レオ
れお	札央
れお	獅子
れお	令央
れお	令旺
れお	令乙
れお	令弦
れお	令桜
れお	令渚
れお	令緒
れお	令織
れお	令生
れお	令大
れお	令男
れお	令夫
れお	令麻
れお	令勇
れお	令雄
れお	令良
れお	令凰
れお	伶愛
れお	伶於
れお	伶央
れお	伶旺
れお	伶王
れお	伶乙
れお	伶音
れお	伶皇
れお	伶桜
れお	伶士
れお	伶渚
れお	伶緒
れお	伶織
れお	伶臣
れお	伶青
れお	伶大
れお	伶夫
れお	伶勇
れお	伶雄
れお	伶陽
れお	伶朗
れお	伶郎
れお	伶和
れお	伶凰
れお	励和
れお	嶺旺
れお	嶺王
れお	嶺織
れお	嶺臣
れお	嶺大
れお	嶺勇
れお	怜愛
れお	怜於
れお	怜央
れお	怜旺
れお	怜欧
れお	怜王
れお	怜恩
れお	怜音
れお	怜皇
れお	怜桜
れお	怜士
れお	怜緒
れお	怜将
れお	怜臣
れお	怜大
れお	怜男
れお	怜夫
れお	怜穂
れお	怜勇
れお	怜雄
れお	怜陽
れお	怜朗
れお	怜郎
れお	怜和
れお	怜凰
れお	玲緖
れお	玲愛
れお	玲於
れお	玲央
れお	玲旺
れお	玲欧
れお	玲王
れお	玲翁
れお	玲温
れお	玲穏
れお	玲音
れお	玲弦
れお	玲皇
れお	玲桜
れお	玲士
れお	玲竣
れお	玲渚
れお	玲緒
れお	玲織
れお	玲臣
れお	玲青
れお	玲壮
れお	玲大
れお	玲男
れお	玲夫
れお	玲麻
れお	玲勇
れお	玲雄
れお	玲陽
れお	玲良
れお	玲朗
れお	玲郎
れお	玲和
れお	玲凰
れお	玲煌
れお	礼於
れお	礼央
れお	礼旺
れお	礼王
れお	礼寛
れお	礼己
れお	礼桜
れお	礼緒
れお	礼生
れお	礼大
れお	礼男
れお	礼夫
れお	礼保
れお	礼雄
れお	礼朗
れお	礼和
れお	礼凰
れお	鈴音
れお	零央
れお	零旺
れお	零大
れお	零男
れお	零夫
れお	零雄
れお	零郎
れお	麗旺
れお	麗欧
れお	麗王
れお	麗音
れお	麗桜
れお	麗渚
れお	麗緒
れお	麗男
れお	麗夫
れお	麗雄
れお	麗陽
れお	麗郎
れお	烈央
れお	烈己
れお	烈生
れお	廉央
れお	廉緒
れお	廉臣
れお	廉大
れお	憐音
れお	漣音
れお	煉生
れお	蓮央
れお	蓮旺
れお	蓮王
れお	蓮桜
れお	蓮織
れお	蓮臣
れお	蓮生
れお	蓮大
れお	蓮和
れお	蓮凰
れお	蓮煌
れお	連央
れお	連旺
れお	錬桜
れお	澪於
れお	澪央
れお	澪旺
れお	澪欧
れお	澪皇
れお	澪桜
れお	澪緒
れお	澪生
れお	禮旺
れお	禮雄
れお	羚於
れお	羚央
れお	羚旺
れお	羚音
れお	羚皇
れお	羚緒
れお	羚生
れお	羚雄
れお	羚陽
れお	羚凰
れお	黎央
れお	黎大
れおん	れおん
れおん	レオン
れおん	レ恩
れおん	獅恩
れおん	獅想
れおん	虹音
れおん	令恩
れおん	令穏
れおん	令音
れおん	令臣
れおん	伶苑
れおん	伶恩
れおん	伶穏
れおん	伶音
れおん	励音
れおん	嶺臣
れおん	怜隠
れおん	怜遠
れおん	怜恩
れおん	怜温
れおん	怜穏
れおん	怜音
れおん	玲苑
れおん	玲遠
れおん	玲央
れおん	玲央音
れおん	玲恩
れおん	玲温
れおん	玲穏
れおん	玲音
れおん	玲皇
れおん	玲臣
れおん	玲凰
れおん	礼遠
れおん	礼央恩
れおん	礼恩
れおん	礼温
れおん	礼穏
れおん	礼音
れおん	鈴音
れおん	零園
れおん	零苑
れおん	零遠
れおん	零音
れおん	麗園
れおん	麗苑
れおん	麗遠
れおん	麗恩
れおん	麗穏
れおん	麗音
れおん	麗臣
れおん	烈音
れおん	廉恩
れおん	廉音
れおん	漣恩
れおん	蓮苑
れおん	蓮恩
れおん	蓮穏
れおん	連音
れおん	澪遠
れおん	澪恩
れおん	禮恩
れおん	羚恩
れおん	羚穏
れおん	羚音
れおん	黎恩
れのん	れのん
れのん	札暢
れのん	礼音
れのん	麗音
れのん	麗暖
れのん	蓮暖
れむ	れむ
れむ	令武
れむ	怜夢
れむ	玲夢
れむ	礼夢
れむ	鈴夢
れむ	麗夢
れむ	蓮武
れむ	蓮夢
れむ	澪夢
ろい	ろい
ろい	ロイ
ろい	鷺偉
ろい	鷺威
ろい	心韻
ろい	蕗維
ろい	琉如
ろい	龍偉
ろい	侶維
ろい	遼威
ろい	呂伊
ろい	呂位
ろい	呂依
ろい	呂偉
ろい	呂維
ろい	呂衣
ろい	呂生
ろい	呂倭
ろい	炉依
ろい	路以
ろい	路偉
ろい	路威
ろい	路惟
ろい	路維
ろい	路生
ろい	路唯
ろい	露依
ろい	露一
ろい	朗偉
ろい	狼偉
ろい	郎偉
ろい	郎生
ろう	郞
ろう	ろう
ろう	瀧
ろう	労
ろう	廊
ろう	楼
ろう	狼
ろう	老
ろう	郎
ろう	籠
ろな	蕗美央
ろな	路実央
ろな	路実雄
ろな	路美生
