まさみ	まさ美
まさみ	愛才美
まさみ	愛咲美
まさみ	栄美
まさみ	雅沙美
まさみ	雅咲海
まさみ	雅心
まさみ	雅生
まさみ	雅魅
まさみ	匡実
まさみ	匡身
まさみ	匡美
まさみ	芸美
まさみ	公美
まさみ	周美
まさみ	勝美
まさみ	昌味
まさみ	昌未
まさみ	晶水
まさみ	晶美
まさみ	真佐美
まさみ	真沙美
まさみ	真沙未
まさみ	真砂美
まさみ	真紗海
まさみ	真紗実
まさみ	真紗美
まさみ	真紗未
まさみ	真紗巳
まさみ	真紗弥
まさみ	真粧美
まさみ	真仁
まさみ	真善美
まさみ	真早美
まさみ	真朝実
まさみ	真朝美
まさみ	仁美
まさみ	征美
まさみ	成美
まさみ	政観
まさみ	政未
まさみ	政魅
まさみ	正見
まさみ	正沙美
まさみ	正未
まさみ	聖弓
まさみ	聖美
まさみ	誠美
まさみ	斉美
まさみ	鷹実
まさみ	稚美
まさみ	暢実
まさみ	暢美
まさみ	暢未
まさみ	当美
まさみ	舞沙美
まさみ	舞彩実
まさみ	舞彩美
まさみ	方美
まさみ	摩紗巳
まさみ	麻沙実
まさみ	麻沙美
まさみ	麻紗実
まさみ	麻紗美
まさみ	万沙美
まさみ	万咲心
まさみ	万紗巳
まさみ	満桜美
まさみ	優見
まさみ	優珠
まさみ	優心
まさみ	眞佐美
まさみ	眞実
まさみ	眞美
まさみ	茉沙実
まさみ	茉沙美
まさみ	茉冴海
ますみ	ますみ
ますみ	マスミ
ますみ	愛純
ますみ	益未
ますみ	加実
ますみ	加美
ますみ	賀美
ますみ	雅純
ますみ	潤実
ますみ	升実
ますみ	丈実
ますみ	丈美
ますみ	新純
ますみ	真好
ますみ	真主実
ますみ	真珠
ますみ	真珠海
ますみ	真寿実
ますみ	真寿未
ますみ	真淑
ますみ	真須三
ますみ	真澄美
ますみ	真清
ますみ	賦未
ますみ	舞淑
ますみ	舞純
ますみ	舞澄
ますみ	摩純
ますみ	磨須美
ますみ	麻朱美
ますみ	麻寿美
ますみ	麻住
ますみ	麻淑
ますみ	麻純
ますみ	麻須美
ますみ	麻垂美
ますみ	麻澄
ますみ	麻聖
ますみ	麻遥
ますみ	万子実
ますみ	万寿実
ますみ	万澄美
ますみ	満純
ますみ	眞壽美
ますみ	茉寿
ますみ	茉純
ますみ	茉澄
ますみ	萬純

